Address,Area,Price,Rooms,Floor,Square-meter,Area-text,Elevator,Air-condition,Refurbished,Furniture,lon,lat
חכמי אתונה 48,south,"2,800 ₪",1,1,25," שפירא, תל אביב יפו ",FALSE,TRUE,TRUE,TRUE,34.777146,32.05004
י.ל. פרץ 38,south,"6,300 ₪",3,5,100," נווה שאנן, תל אביב יפו ",TRUE,TRUE,TRUE,FALSE,34.776512,32.058823
נווה שאנן ,south,"5,700 ₪",3,4,57," נווה שאנן, תל אביב יפו ",TRUE,TRUE,TRUE,FALSE,34.7809734,32.0586623
דרך קיבוץ גלויות 113,south,"3,200 ₪",1,קרקע,25," שפירא, תל אביב יפו ",FALSE,TRUE,TRUE,FALSE,,
הקונגרס 3,south,"6,000 ₪",3,קרקע,80," נווה שאנן, תל אביב יפו ",FALSE,TRUE,FALSE,FALSE,34.773472,32.057368
השכל 5,south,"3,500 ₪",2,1,40," התקוה, בית יעקב, נווה צה""ל, תל אביב יפו ",FALSE,TRUE,FALSE,TRUE,34.791768,32.053653
אייגר 12,south,"5,000 ₪",3,5,80," נווה שאנן, תל אביב יפו ",TRUE,TRUE,FALSE,FALSE,34.781259,32.058964
הרטוב 18,south,"6,000 ₪",4,1,90," התקוה, בית יעקב, נווה צה""ל, תל אביב יפו ",TRUE,TRUE,TRUE,FALSE,34.798261,32.048701
שיבת ציון 4,south,"7,000 ₪",3,5,75," נווה שאנן, תל אביב יפו ",TRUE,TRUE,FALSE,TRUE,34.774727,32.055821
נתן הנביא ,south,"2,900 ₪",1.5,קרקע,25," התקוה, בית יעקב, נווה צה""ל, תל אביב יפו ",FALSE,TRUE,TRUE,FALSE,,
ידעיה הפניני ,south,"4,200 ₪",2,קרקע,50," שפירא, תל אביב יפו ",FALSE,TRUE,TRUE,FALSE,34.7753879,32.0521109
מאור הגולה 47,south,"11,000 ₪",4,קרקע,200," שפירא, תל אביב יפו ",FALSE,TRUE,TRUE,FALSE,34.777285,32.049725
י.ל. פרץ ,south,"5,500 ₪",4,1,100," נווה שאנן, תל אביב יפו ",FALSE,TRUE,TRUE,FALSE,34.775634,32.05931
חכמי אתונה 35,south,"4,500 ₪",3,קרקע,100," שפירא, תל אביב יפו ",FALSE,TRUE,TRUE,FALSE,34.776564,32.050353
ידעיה הפניני 2,south,לא צוין מחיר,לא צוין,קרקע,20," שפירא, תל אביב יפו ",FALSE,TRUE,TRUE,TRUE,34.774698,32.052204
נווה שאנן ,south,"5,200 ₪",2.5,4,52," נווה שאנן, תל אביב יפו ",TRUE,TRUE,TRUE,FALSE,34.7809734,32.0586623
הקונגרס 33,south,"5,000 ₪",2,6,45," נווה שאנן, תל אביב יפו ",TRUE,TRUE,TRUE,FALSE,34.775747,32.056497
יאיר ,south,"2,300 ₪",1,קרקע,20," התקוה, בית יעקב, נווה צה""ל, תל אביב יפו ",FALSE,TRUE,TRUE,FALSE,34.7877258,32.0514852
הקונגרס 33,south,"5,600 ₪",3,5,80," נווה שאנן, תל אביב יפו ",TRUE,TRUE,TRUE,FALSE,34.775747,32.056497
ורדיאל 9,south,"3,500 ₪",2,1,42," התקוה, בית יעקב, נווה צה""ל, תל אביב יפו ",FALSE,TRUE,FALSE,FALSE,34.789117,32.053759
חפר ,south,"3,000 ₪",1,1,24," התקוה, בית יעקב, נווה צה""ל, תל אביב יפו ",FALSE,TRUE,TRUE,TRUE,34.7899407,32.0526946
חזנוביץ' 12,south,"8,000 ₪",4,4,90," נווה שאנן, תל אביב יפו ",TRUE,TRUE,TRUE,FALSE,34.774773,32.055747
חזקיהו המלך ,south,"7,900 ₪",4,1,100," שפירא, תל אביב יפו ",FALSE,TRUE,TRUE,FALSE,34.7741604,32.0541895
גולומב 27,south,"4,500 ₪",3,1,60," שפירא, תל אביב יפו ",FALSE,TRUE,TRUE,TRUE,34.782489,32.051675
יסוד המעלה 31,south,"4,400 ₪",2,1,50," נווה שאנן, תל אביב יפו ",TRUE,TRUE,TRUE,FALSE,34.780726,32.05887
מבשר 42,south,"2,200 ₪",1.5,1,93," התקוה, בית יעקב, נווה צה""ל, תל אביב יפו ",FALSE,TRUE,TRUE,TRUE,34.790313,32.051392
מסילת ישרים 26,south,"4,400 ₪",2.5,קרקע,63," שפירא, תל אביב יפו ",FALSE,TRUE,FALSE,TRUE,34.776451,32.050024
מקור חיים 24,south,"3,000 ₪",1,3,23," שפירא, תל אביב יפו ",FALSE,TRUE,TRUE,TRUE,34.777793,32.052114
עבאס 33,south,"1,700 ₪",1,קרקע,15," התקוה, בית יעקב, נווה צה""ל, תל אביב יפו ",FALSE,FALSE,TRUE,TRUE,34.789102,32.052212
נווה שאנן ,south,"4,500 ₪",2,4,50," נווה שאנן, תל אביב יפו ",TRUE,TRUE,TRUE,FALSE,34.7809734,32.0586623
דרך ההגנה 100,south,"4,200 ₪",2.5,קרקע,75," התקוה, בית יעקב, נווה צה""ל, תל אביב יפו ",FALSE,TRUE,TRUE,FALSE,,
דרך קיבוץ גלויות 109,south,"3,000 ₪",1,1,22," שפירא, תל אביב יפו ",FALSE,TRUE,TRUE,TRUE,,
גולומב 5,south,"7,500 ₪",4,1,130," שפירא, תל אביב יפו ",FALSE,FALSE,TRUE,FALSE,34.78322,32.049439
בעל העקידה ,south,"6,900 ₪",4,2,82," שפירא, תל אביב יפו ",TRUE,TRUE,TRUE,FALSE,34.7785742,32.0524563
י.ל. פרץ ,south,"2,500 ₪",2,קרקע,50," נווה שאנן, תל אביב יפו ",FALSE,TRUE,TRUE,FALSE,34.775634,32.05931
לוינסקי ,south,"6,500 ₪",4,2,80," נווה שאנן, תל אביב יפו ",FALSE,TRUE,TRUE,TRUE,34.7825667,32.0555775
ידעיה הפניני ,south,"3,500 ₪",1,1,27," שפירא, תל אביב יפו ",FALSE,TRUE,TRUE,FALSE,34.7753879,32.0521109
הקונגרס 5,south,"7,200 ₪",4,קרקע,92," נווה שאנן, תל אביב יפו ",FALSE,TRUE,TRUE,FALSE,34.773564,32.057333
הונא 34,south,"3,000 ₪",1,קרקע,20," התקוה, בית יעקב, נווה צה""ל, תל אביב יפו ",FALSE,TRUE,TRUE,TRUE,34.792315,32.051738
יסוד המעלה 31,south,"4,600 ₪",2,4,50," נווה שאנן, תל אביב יפו ",TRUE,TRUE,FALSE,FALSE,34.780726,32.05887
קרשקש 6,south,"8,000 ₪",4,1,105," שפירא, תל אביב יפו ",TRUE,TRUE,FALSE,TRUE,34.779795,32.051732
י.ל. פרץ 6,south,"5,900 ₪",3,3,67," נווה שאנן, תל אביב יפו ",TRUE,TRUE,TRUE,TRUE,34.774273,32.059811
חזנוביץ' ,south,"6,500 ₪",3,3,75," נווה שאנן, תל אביב יפו ",TRUE,TRUE,FALSE,TRUE,34.7749855,32.0557558
דרך מנחם בגין 36,south,"3,800 ₪",2,1,50," נווה שאנן, תל אביב יפו ",FALSE,TRUE,FALSE,FALSE,,
לסקר 7,south,"7,300 ₪",4,1,110," שפירא, תל אביב יפו ",FALSE,TRUE,TRUE,FALSE,34.777493,32.048646
ישראל מסלנט 21,south,"4,500 ₪",3,4,70," שפירא, תל אביב יפו ",FALSE,TRUE,TRUE,FALSE,34.780994,32.049428
טורי זהב ,south,"9,800 ₪",4,קרקע,210," שפירא, תל אביב יפו ",FALSE,TRUE,TRUE,FALSE,34.7809383,32.0520662
אייגר ,south,"4,200 ₪",2,1,50," נווה שאנן, תל אביב יפו ",TRUE,TRUE,TRUE,TRUE,34.781302,32.059139
מאור הגולה 13,south,"4,500 ₪",2,2,65," שפירא, תל אביב יפו ",FALSE,TRUE,TRUE,FALSE,34.775341,32.050142
גולומב 11,south,"2,950 ₪",1,1,40," שפירא, תל אביב יפו ",FALSE,TRUE,TRUE,TRUE,34.783071,32.049999
לבנדה ,south,"3,500 ₪",1,2,25," שפירא, תל אביב יפו ",FALSE,TRUE,TRUE,FALSE,34.7825112,32.0553178
איתיאל 27,south,"5,000 ₪",4,2,100," התקוה, בית יעקב, נווה צה""ל, תל אביב יפו ",TRUE,TRUE,TRUE,FALSE,34.797285,32.048835
בר יוחאי 47,south,"3,600 ₪",2,קרקע,30," שפירא, תל אביב יפו ",FALSE,TRUE,TRUE,TRUE,34.776472,32.052541
האסיף ,south,"5,000 ₪",3,1,70," שפירא, תל אביב יפו ",TRUE,FALSE,TRUE,FALSE,34.7823324,32.0488612
חכמי אתונה ,south,"2,800 ₪",1,קרקע,29," שפירא, תל אביב יפו ",FALSE,TRUE,TRUE,TRUE,34.7756304,32.0505529
לבנדה ,south,"3,500 ₪",1,2,25," שפירא, תל אביב יפו ",FALSE,TRUE,TRUE,FALSE,34.7825112,32.0553178
דרך מנחם בגין 4,south,"5,500 ₪",2,3,60," נווה שאנן, תל אביב יפו ",TRUE,TRUE,TRUE,FALSE,,
שדרות הר ציון 30,south,"4,500 ₪",3,2,70," נווה שאנן, תל אביב יפו ",FALSE,TRUE,TRUE,TRUE,34.7779829,32.0591688
דרך מנחם בגין ,south,"3,900 ₪",2,3,40," נווה שאנן, תל אביב יפו ",FALSE,TRUE,TRUE,TRUE,,
ראש פינה 24,south,"5,400 ₪",3,1,69," נווה שאנן, תל אביב יפו ",TRUE,TRUE,FALSE,TRUE,34.782354,32.058523
דרך קיבוץ גלויות 83,south,"1,300 ₪",1,קרקע,18," שפירא, תל אביב יפו ",FALSE,TRUE,FALSE,TRUE,,
נווה שאנן 35,south,"4,500 ₪",2,5,55," נווה שאנן, תל אביב יפו ",TRUE,TRUE,TRUE,TRUE,34.780453,32.057874
נתן הנביא ,south,"2,900 ₪",2,2,45," התקוה, בית יעקב, נווה צה""ל, תל אביב יפו ",FALSE,TRUE,TRUE,FALSE,,
"יש""ר מקנדיאה 27",south,"4,500 ₪",2.5,קרקע,80," שפירא, תל אביב יפו ",FALSE,TRUE,TRUE,FALSE,,
מסילת ישרים 71,south,"4,200 ₪",2,קרקע,50," שפירא, תל אביב יפו ",FALSE,TRUE,FALSE,FALSE,34.777079,32.052649
כוכבי יצחק 5,south,"6,000 ₪",4,4,80," שפירא, תל אביב יפו ",TRUE,TRUE,TRUE,TRUE,34.783048,32.048186
הרב יצחק ידידיה פרנקל 75,south,"3,500 ₪",1.5,4,65," נווה שאנן, תל אביב יפו ",FALSE,TRUE,FALSE,FALSE,34.774046,32.056484
י.ל. פרץ ,south,"5,000 ₪",4,3,100," נווה שאנן, תל אביב יפו ",FALSE,TRUE,TRUE,FALSE,34.775634,32.05931
לבנדה ,south,"1,500 ₪",2,2,30," שפירא, תל אביב יפו ",FALSE,TRUE,TRUE,TRUE,34.7825112,32.0553178
חזקיהו המלך 47,south,"3,000 ₪",1,קרקע,20," שפירא, תל אביב יפו ",FALSE,TRUE,FALSE,TRUE,34.776778,32.053673
הקונגרס 10,south,"4,500 ₪",2.5,קרקע,62," נווה שאנן, תל אביב יפו ",FALSE,TRUE,TRUE,FALSE,34.773929,32.056957
לבנדה 23,south,"2,500 ₪",1,2,24," נווה שאנן, תל אביב יפו ",FALSE,TRUE,FALSE,TRUE,34.7825,32.055902
יסוד המעלה 35,south,"5,900 ₪",4,קרקע,130," נווה שאנן, תל אביב יפו ",TRUE,TRUE,TRUE,TRUE,34.780867,32.058649
דרך שלמה 107,south,"3,500 ₪",2,1,50," נווה שאנן, תל אביב יפו ",FALSE,TRUE,FALSE,FALSE,,
יקותיאל 28,south,"5,200 ₪",3,קרקע,120," התקוה, בית יעקב, נווה צה""ל, תל אביב יפו ",FALSE,TRUE,TRUE,FALSE,34.788229,32.050915
מטלון 75,south,"3,000 ₪",2,3,35," נווה שאנן, תל אביב יפו ",FALSE,TRUE,TRUE,FALSE,34.776091,32.057758
עבאס 33,south,"2,900 ₪",2,2,35," התקוה, בית יעקב, נווה צה""ל, תל אביב יפו ",FALSE,FALSE,TRUE,TRUE,34.789102,32.052212
עין הקורא 13,south,"4,000 ₪",2,1,58," נווה שאנן, תל אביב יפו ",TRUE,TRUE,TRUE,TRUE,34.782383,32.057414
לסקר 15,south,לא צוין מחיר,5,1,120," שפירא, תל אביב יפו ",FALSE,TRUE,TRUE,FALSE,34.778301,32.048401
ידעיה הפניני ,south,"2,900 ₪",1,1,20," שפירא, תל אביב יפו ",FALSE,TRUE,TRUE,TRUE,34.7753879,32.0521109
מקור חיים ,south,"3,800 ₪",2,קרקע,40," שפירא, תל אביב יפו ",FALSE,TRUE,TRUE,FALSE,34.7777237,32.0522369
מטלון 75,south,"2,400 ₪",1,1,15," נווה שאנן, תל אביב יפו ",FALSE,FALSE,TRUE,TRUE,34.776091,32.057758
האקליפטוס ,south,"3,600 ₪",2,1,40," התקוה, בית יעקב, נווה צה""ל, תל אביב יפו ",FALSE,TRUE,TRUE,FALSE,34.7880124,32.0535329
כוכבי יצחק ,south,"6,200 ₪",4,4,78," שפירא, תל אביב יפו ",TRUE,TRUE,TRUE,FALSE,34.7827827,32.0478947
י.ל. פרץ ,south,"5,800 ₪",3,1,70," נווה שאנן, תל אביב יפו ",TRUE,TRUE,TRUE,TRUE,34.775634,32.05931
נווה שאנן ,south,"5,200 ₪",2.5,4,55," נווה שאנן, תל אביב יפו ",TRUE,TRUE,TRUE,FALSE,34.7809734,32.0586623
צ'לנוב ,south,"6,000 ₪",3,5,70," נווה שאנן, תל אביב יפו ",TRUE,TRUE,TRUE,FALSE,34.7760042,32.0603913
סמטת חכמי ישראל 10,south,"2,700 ₪",1.5,קרקע,25," שפירא, תל אביב יפו ",FALSE,TRUE,TRUE,TRUE,,
ידעיה הפניני 26,south,"2,900 ₪",1,1,27," שפירא, תל אביב יפו ",FALSE,TRUE,TRUE,TRUE,34.775149,32.051515
ישראל מסלנט 21,south,"4,350 ₪",3,3,55," שפירא, תל אביב יפו ",FALSE,TRUE,FALSE,FALSE,34.780994,32.049428
מטלון 75,south,"4,000 ₪",1.5,4,45," נווה שאנן, תל אביב יפו ",FALSE,TRUE,FALSE,FALSE,34.776091,32.057758
חזנוביץ' ,south,"9,000 ₪",4,3,117," נווה שאנן, תל אביב יפו ",TRUE,TRUE,FALSE,TRUE,34.7749855,32.0557558
דרך מנחם בגין 12,south,"2,400 ₪",1,2,36," נווה שאנן, תל אביב יפו ",FALSE,TRUE,TRUE,FALSE,,
בר יוחאי 47,south,"3,500 ₪",1,קרקע,31," שפירא, תל אביב יפו ",FALSE,TRUE,FALSE,TRUE,34.776472,32.052541
י.ל. פרץ 40,south,"6,500 ₪",3.5,5,84," נווה שאנן, תל אביב יפו ",TRUE,TRUE,TRUE,TRUE,34.776687,32.058611
שפירא ,south,"8,000 ₪",3,קרקע,140,  תל אביב יפו ,FALSE,TRUE,TRUE,FALSE,34.7766626,32.0509463
חזקיהו המלך 19,south,"4,700 ₪",3,2,50," שפירא, תל אביב יפו ",FALSE,TRUE,TRUE,FALSE,34.775242,32.054039
הגדוד העברי 31,south,"2,750 ₪",1,2,20," נווה שאנן, תל אביב יפו ",FALSE,TRUE,TRUE,TRUE,34.778279,32.059018
מסילת ישרים ,south,"4,700 ₪",2.5,קרקע,85," שפירא, תל אביב יפו ",FALSE,TRUE,FALSE,FALSE,34.7762846,32.0498374
שפירא ,south,"10,000 ₪",5,קרקע,170,  תל אביב יפו ,FALSE,TRUE,TRUE,FALSE,34.7766626,32.0509463
קמואל 54,south,"2,300 ₪",1,קרקע,20," התקוה, בית יעקב, נווה צה""ל, תל אביב יפו ",FALSE,TRUE,TRUE,TRUE,34.791122,32.048918
הקונגרס ,south,"7,200 ₪",3.5,3,80," נווה שאנן, תל אביב יפו ",TRUE,TRUE,TRUE,FALSE,34.7746302,32.0567724
הרב יצחק ידידיה פרנקל 69,south,"4,100 ₪",2,3,35," נווה שאנן, תל אביב יפו ",TRUE,TRUE,TRUE,FALSE,34.773819,32.056601
הונא ,south,"3,000 ₪",1,קרקע,20," התקוה, בית יעקב, נווה צה""ל, תל אביב יפו ",FALSE,TRUE,TRUE,TRUE,34.7922094,32.0513152
סמטת עובד 30,south,"3,800 ₪",3,קרקע,70," שפירא, תל אביב יפו ",FALSE,TRUE,TRUE,TRUE,34.7759258,32.0543217
ישראל מסלנט ,south,"6,800 ₪",4,קרקע,100," שפירא, תל אביב יפו ",FALSE,TRUE,TRUE,FALSE,34.7814661,32.0506968
נווה שאנן ,south,"10,500 ₪",3,5,97," נווה שאנן, תל אביב יפו ",TRUE,TRUE,TRUE,FALSE,34.7809734,32.0586623
ישראל מסלנט ,south,"4,700 ₪",3,3,70," שפירא, תל אביב יפו ",FALSE,FALSE,FALSE,FALSE,34.7814661,32.0506968
לוינסקי 61,south,"5,000 ₪",2,3,50," נווה שאנן, תל אביב יפו ",TRUE,TRUE,TRUE,TRUE,34.773853,32.059459
"ראב""ד 31",south,"5,000 ₪",2.5,קרקע,70," נווה שאנן, תל אביב יפו ",FALSE,TRUE,FALSE,TRUE,34.781142,32.054163
בעל העקידה ,south,"4,400 ₪",2.5,-1,46," שפירא, תל אביב יפו ",TRUE,TRUE,TRUE,FALSE,34.7785742,32.0524563
מבשר 53,south,"3,600 ₪",2,3,40," התקוה, בית יעקב, נווה צה""ל, תל אביב יפו ",FALSE,TRUE,TRUE,TRUE,34.79038,32.050967
ישראל מסלנט 30,south,"7,000 ₪",4,1,90," שפירא, תל אביב יפו ",FALSE,TRUE,TRUE,FALSE,34.781703,32.050783
שיבת ציון 20,south,"3,900 ₪",2.5,3,63," נווה שאנן, תל אביב יפו ",FALSE,TRUE,FALSE,FALSE,34.776715,32.055105
מאור הגולה 37,south,"3,000 ₪",1,קרקע,28," שפירא, תל אביב יפו ",FALSE,TRUE,TRUE,FALSE,34.776639,32.049831
קמואל ,south,"3,500 ₪",2,1,35," התקוה, בית יעקב, נווה צה""ל, תל אביב יפו ",FALSE,TRUE,TRUE,FALSE,34.7914337,32.0504461
י.ל. פרץ ,south,"6,000 ₪",4,2,95," נווה שאנן, תל אביב יפו ",FALSE,TRUE,TRUE,FALSE,34.775634,32.05931
שלמון 28,south,"3,000 ₪",1,1,30," התקוה, בית יעקב, נווה צה""ל, תל אביב יפו ",FALSE,TRUE,TRUE,TRUE,34.791745,32.052737
גבעת בן יהודה 10,south,לא צוין מחיר,7,קרקע,300," שפירא, תל אביב יפו ",FALSE,TRUE,TRUE,FALSE,34.779395,32.050864
"ראב""ד ",south,"3,000 ₪",1,קרקע,30," שפירא, תל אביב יפו ",FALSE,TRUE,FALSE,FALSE,34.7816861,32.0548948
לבנדה ,south,"1,500 ₪",1,2,30," שפירא, תל אביב יפו ",FALSE,TRUE,TRUE,TRUE,34.7825112,32.0553178
י.ל. פרץ ,south,"5,600 ₪",3,3,60," נווה שאנן, תל אביב יפו ",TRUE,TRUE,TRUE,FALSE,34.775634,32.05931
אחימעץ 4,south,לא צוין מחיר,4,1,100," התקוה, בית יעקב, נווה צה""ל, תל אביב יפו ",FALSE,TRUE,TRUE,FALSE,34.794953,32.048293
מסילת העולים 11,south,"2,800 ₪",1,קרקע,30," נווה שאנן, תל אביב יפו ",FALSE,TRUE,TRUE,TRUE,,
לבנדה ,south,"1,500 ₪",1,2,30," שפירא, תל אביב יפו ",FALSE,TRUE,TRUE,TRUE,34.7825112,32.0553178
העלייה 33,south,"3,700 ₪",2,1,60," נווה שאנן, תל אביב יפו ",FALSE,TRUE,TRUE,FALSE,34.773311,32.057614
ישראל מסלנט 45,south,"3,100 ₪",2,1,36," שפירא, תל אביב יפו ",TRUE,TRUE,FALSE,FALSE,34.781639,32.052393
דרך קיבוץ גלויות 79,south,"3,000 ₪",1,3,30," שפירא, תל אביב יפו ",FALSE,TRUE,TRUE,TRUE,,
נתן הנביא ,south,"1,500 ₪",1,קרקע,30," התקוה, בית יעקב, נווה צה""ל, תל אביב יפו ",FALSE,TRUE,FALSE,FALSE,,
כרם חמד 6,south,"5,000 ₪",4,2,75," שפירא, תל אביב יפו ",FALSE,TRUE,FALSE,TRUE,34.782763,32.049443
ידעיה הפניני ,south,"22,000 ₪",7,קרקע,190," שפירא, תל אביב יפו ",FALSE,TRUE,TRUE,FALSE,34.7753879,32.0521109
לבנדה 32,south,980 ₪,1,קרקע,20," נווה שאנן, תל אביב יפו ",FALSE,FALSE,FALSE,TRUE,34.783049,32.056658
לוינסקי 63,south,"4,000 ₪",1,קרקע,20," נווה שאנן, תל אביב יפו ",FALSE,TRUE,TRUE,TRUE,34.774126,32.059352
ראש פינה 24,south,"5,400 ₪",3,1,71," נווה שאנן, תל אביב יפו ",TRUE,TRUE,FALSE,TRUE,34.782354,32.058523
בעל העקידה ,south,"14,000 ₪",6,קרקע,330," שפירא, תל אביב יפו ",FALSE,TRUE,TRUE,FALSE,34.7785742,32.0524563
שדרות סמאטס 24,center,"5,300 ₪",2,3,60," הצפון החדש - צפון, תל אביב יפו ",FALSE,TRUE,TRUE,FALSE,34.789773,32.09335
בלוך 1,center,"10,000 ₪",4.5,2,120," הצפון החדש - דרום, תל אביב יפו ",FALSE,TRUE,TRUE,TRUE,34.7857291,32.0845097
וורמייזה ,center,"12,000 ₪",3,5,102," הצפון הישן - צפון, תל אביב יפו ",TRUE,TRUE,TRUE,FALSE,34.779281,32.0875902
יוחנן הורקנוס ,center,"5,800 ₪",2,1,65," הצפון הישן - צפון, תל אביב יפו ",FALSE,TRUE,FALSE,TRUE,34.7816991,32.0940737
שלומציון המלכה ,center,"6,400 ₪",3,3,60," הצפון החדש - צפון, תל אביב יפו ",TRUE,TRUE,TRUE,FALSE,34.7871974,32.0948862
ארלוזורוב 75,center,"7,200 ₪",3,2,75," הצפון הישן - צפון, תל אביב יפו ",FALSE,TRUE,TRUE,FALSE,34.781078,32.085574
דיזנגוף 190,center,"5,500 ₪",2,2,40," הצפון הישן - צפון, תל אביב יפו ",TRUE,TRUE,TRUE,TRUE,34.774791,32.085701
אנטיגונוס ,center,"5,800 ₪",2,1,65," הצפון החדש - צפון, תל אביב יפו ",TRUE,TRUE,TRUE,FALSE,34.7847155,32.0927924
קצנלסון ,center,"7,250 ₪",3,2,80," הצפון החדש - דרום, תל אביב יפו ",FALSE,TRUE,FALSE,FALSE,34.7822352,32.0777855
יהודה המכבי 13,center,"4,800 ₪",2,2,50," הצפון החדש - צפון, תל אביב יפו ",FALSE,FALSE,FALSE,FALSE,34.785558,32.093909
יהודה המכבי 63,center,"4,500 ₪",1,1,20," הצפון החדש - צפון, תל אביב יפו ",FALSE,TRUE,TRUE,TRUE,34.791405,32.093987
נהרדעא ,center,"7,400 ₪",3,2,70," הצפון החדש - דרום, תל אביב יפו ",TRUE,TRUE,TRUE,FALSE,34.7872771,32.082557
לסר אורי 8,center,"10,500 ₪",4,10,115," הצפון החדש - דרום, תל אביב יפו ",TRUE,TRUE,TRUE,FALSE,34.785872,32.081172
מרים החשמונאית ,center,"8,300 ₪",3,2,82," הצפון החדש - צפון, תל אביב יפו ",FALSE,TRUE,FALSE,TRUE,34.7843229,32.0944013
צייטלין 27,center,"5,200 ₪",2,קרקע,40," הצפון החדש - דרום, תל אביב יפו ",FALSE,TRUE,TRUE,TRUE,34.785005,32.079336
הילדסהיימר ,center,"28,000 ₪",6,קרקע,250," הצפון החדש - צפון, תל אביב יפו ",FALSE,TRUE,TRUE,TRUE,34.7917221,32.094618
הירקון 258,center,"7,200 ₪",3.5,3,85," הצפון הישן - צפון, תל אביב יפו ",FALSE,TRUE,TRUE,FALSE,34.773758,32.093362
גרץ ,center,"9,500 ₪",4,3,100," הצפון הישן - צפון, תל אביב יפו ",TRUE,TRUE,TRUE,TRUE,34.7737671,32.0852234
שדרות היוצר 9,center,"6,800 ₪",2.5,3,62," הצפון הישן - צפון, תל אביב יפו ",FALSE,TRUE,TRUE,TRUE,34.77942,32.089291
נמל תל אביב ,center,"4,500 ₪",2,קרקע,45," הצפון הישן - צפון, תל אביב יפו ",FALSE,TRUE,TRUE,FALSE,34.77519608,32.09886
מרים החשמונאית 4,center,"9,500 ₪",4,3,100," הצפון החדש - צפון, תל אביב יפו ",FALSE,TRUE,TRUE,FALSE,34.783847,32.091252
שדרות שאול המלך 1,center,"43,000 ₪",2,7,220," הצפון החדש - דרום, תל אביב יפו ",TRUE,TRUE,FALSE,FALSE,,
יהודה המכבי 32,center,"5,700 ₪",2.5,1,64," הצפון החדש - צפון, תל אביב יפו ",FALSE,TRUE,FALSE,FALSE,34.789756,32.093673
"מהר""ל ",center,"9,500 ₪",3.5,1,115," הצפון הישן - צפון, תל אביב יפו ",FALSE,TRUE,FALSE,FALSE,34.7761266,32.0886165
אבן גבירול ,center,"6,500 ₪",2,2,60," הצפון הישן - צפון, תל אביב יפו ",FALSE,TRUE,TRUE,FALSE,34.7826325,32.0893639
שטריקר 36,center,"2,900 ₪",1,קרקע,30," הצפון החדש - צפון, תל אביב יפו ",FALSE,TRUE,TRUE,FALSE,34.788104,32.093072
בארי 38,center,"10,500 ₪",4,4,90," הצפון החדש - דרום, תל אביב יפו ",TRUE,TRUE,TRUE,TRUE,34.790224,32.082379
הדסה ,center,"11,000 ₪",4,1,110," הצפון הישן - צפון, תל אביב יפו ",TRUE,TRUE,TRUE,TRUE,34.7804683,32.0830408
באר טוביה ,center,"6,600 ₪",3,1,75," הצפון הישן - צפון, תל אביב יפו ",TRUE,TRUE,FALSE,FALSE,34.7748746,32.0849134
אלחריזי 7,center,"4,600 ₪",2,קרקע,40," הצפון הישן - צפון, תל אביב יפו ",FALSE,TRUE,TRUE,FALSE,34.779875,32.085141
דרך נמיר 11,center,"7,000 ₪",4.5,1,96," הצפון החדש - דרום, תל אביב יפו ",FALSE,TRUE,FALSE,FALSE,,
בצלאל 29,center,"7,500 ₪",3,קרקע,65," הצפון החדש - דרום, תל אביב יפו ",TRUE,TRUE,TRUE,TRUE,34.785136,32.082901
פקיעין 10,center,"29,000 ₪",5,3,180," הצפון הישן - צפון, תל אביב יפו ",TRUE,TRUE,FALSE,FALSE,34.777199,32.089536
ארלוזורוב 132,center,"4,900 ₪",3,3,85," הצפון החדש - דרום, תל אביב יפו ",FALSE,TRUE,TRUE,FALSE,34.785087,32.084405
יהודה המכבי 70,center,"5,300 ₪",2,3,50," הצפון החדש - צפון, תל אביב יפו ",FALSE,TRUE,FALSE,TRUE,34.793909,32.094204
לסר אורי ,center,"9,500 ₪",3,12,100," הצפון החדש - דרום, תל אביב יפו ",TRUE,TRUE,TRUE,FALSE,34.7852415,32.08068
אבן גבירול 178,center,"7,000 ₪",3.5,3,85," הצפון החדש - צפון, תל אביב יפו ",FALSE,TRUE,FALSE,TRUE,34.783489,32.093098
פנקס ,center,800 ₪,לא צוין,קרקע,18," הצפון החדש - צפון, תל אביב יפו ",FALSE,FALSE,FALSE,FALSE,34.7935148,32.0911432
שלומציון המלכה 5,center,"5,500 ₪",2.5,1,50," הצפון החדש - צפון, תל אביב יפו ",FALSE,TRUE,TRUE,FALSE,34.78494,32.094895
שטריקר 34,center,"4,700 ₪",1.5,קרקע,35," הצפון החדש - צפון, תל אביב יפו ",FALSE,TRUE,TRUE,TRUE,34.788117,32.093
זלטופולסקי 17,center,"9,500 ₪",4,2,114," הצפון הישן - צפון, תל אביב יפו ",FALSE,TRUE,FALSE,FALSE,34.772459,32.088799
יהודה המכבי 30,center,"6,900 ₪",3,3,75," הצפון החדש - צפון, תל אביב יפו ",FALSE,TRUE,TRUE,TRUE,34.789156,32.093655
עין גדי ,center,"7,500 ₪",3,1,60," הצפון הישן - צפון, תל אביב יפו ",TRUE,TRUE,TRUE,FALSE,34.7820959,32.0903744
הלפרין 5,center,"6,700 ₪",3,1,80," הצפון הישן - צפון, תל אביב יפו ",FALSE,TRUE,FALSE,TRUE,34.772828,32.088081
מאנה 18,center,"10,550 ₪",3,2,70," הצפון החדש - דרום, תל אביב יפו ",TRUE,TRUE,TRUE,FALSE,34.781836,32.078237
פנקס 67,center,"9,000 ₪",4,5,100," הצפון החדש - צפון, תל אביב יפו ",TRUE,TRUE,TRUE,FALSE,34.793924,32.091453
ארלוזורוב 17,center,"11,000 ₪",3,2,80," הצפון הישן - צפון, תל אביב יפו ",TRUE,TRUE,TRUE,TRUE,34.773958,32.087309
הרב צירלסון 24,center,"7,500 ₪",2.5,4,65," הצפון החדש - צפון, תל אביב יפו ",TRUE,TRUE,TRUE,TRUE,34.793512,32.095048
בלוך 11,center,"7,900 ₪",3,קרקע,75," הצפון החדש - דרום, תל אביב יפו ",FALSE,TRUE,TRUE,FALSE,34.7857291,32.0845097
הבשן 7,center,"7,000 ₪",3,קרקע,60," הצפון הישן - צפון, תל אביב יפו ",FALSE,TRUE,TRUE,FALSE,34.782062,32.091066
זנגביל ,center,"8,000 ₪",3,1,75," הצפון הישן - צפון, תל אביב יפו ",FALSE,TRUE,TRUE,FALSE,34.7772836,32.0908836
אבן גבירול 137,center,"6,500 ₪",3,3,70," הצפון הישן - צפון, תל אביב יפו ",FALSE,TRUE,TRUE,FALSE,34.782358,32.089166
דיזנגוף 216,center,"12,500 ₪",3,2,95," הצפון הישן - צפון, תל אביב יפו ",TRUE,TRUE,TRUE,TRUE,34.775291,32.087723
אבן גבירול 88,center,"13,000 ₪",5,1,102," הצפון החדש - דרום, תל אביב יפו ",FALSE,TRUE,TRUE,FALSE,34.781497,32.082527
בזל 27,center,"6,700 ₪",3,3,60," הצפון הישן - צפון, תל אביב יפו ",FALSE,TRUE,TRUE,TRUE,34.778351,32.090144
מודיליאני 6,center,"8,500 ₪",4.5,1,110," הצפון החדש - דרום, תל אביב יפו ",TRUE,TRUE,TRUE,FALSE,34.782801,32.080761
שדרות בן גוריון ,center,"3,500 ₪",1,קרקע,30," הצפון החדש - צפון, תל אביב יפו ",FALSE,TRUE,FALSE,FALSE,34.7801034,32.0814963
יהודה המכבי 47,center,"4,800 ₪",3,1,70," הצפון החדש - צפון, תל אביב יפו ",FALSE,TRUE,TRUE,FALSE,34.78951,32.093926
צידון ,center,"4,000 ₪",1,קרקע,40," הצפון הישן - צפון, תל אביב יפו ",FALSE,TRUE,TRUE,FALSE,34.7758584,32.0966762
יהודה המכבי 37,center,"6,000 ₪",2,1,50," הצפון החדש - צפון, תל אביב יפו ",FALSE,TRUE,TRUE,TRUE,34.78787,32.093905
בן יהודה 165,center,"6,000 ₪",3,2,87," הצפון הישן - צפון, תל אביב יפו ",FALSE,TRUE,FALSE,FALSE,34.773517,32.089043
ברנדייס ,center,"9,500 ₪",2,3,95," הצפון החדש - צפון, תל אביב יפו ",TRUE,TRUE,TRUE,TRUE,34.7871795,32.0933964
אנטוקולסקי 3,center,לא צוין מחיר,3.5,3,100," הצפון החדש - דרום, תל אביב יפו ",TRUE,TRUE,TRUE,TRUE,34.78216,32.084476
דה האז 18,center,"7,500 ₪",3,2,56," הצפון החדש - צפון, תל אביב יפו ",FALSE,TRUE,TRUE,FALSE,34.785475,32.092618
שלומציון המלכה 17,center,"4,500 ₪",2,קרקע,40," הצפון החדש - צפון, תל אביב יפו ",FALSE,TRUE,FALSE,FALSE,34.786064,32.094941
פינלס 6,center,"2,500 ₪",1,קרקע,15," הצפון החדש - צפון, תל אביב יפו ",FALSE,TRUE,TRUE,TRUE,34.789325,32.09436
וייצמן 123,center,"7,500 ₪",3,2,98," הצפון החדש - צפון, תל אביב יפו ",FALSE,TRUE,TRUE,FALSE,34.790231,32.094158
יוחנן הגדי 5,center,"7,500 ₪",3,3,70," הצפון החדש - צפון, תל אביב יפו ",FALSE,TRUE,TRUE,FALSE,34.785623,32.094405
וייצמן 133,center,"6,000 ₪",2.5,2,75," הצפון החדש - צפון, תל אביב יפו ",FALSE,TRUE,FALSE,FALSE,34.790205,32.095527
לסר אורי 5,center,750 ₪,לא צוין,קרקע,15," הצפון החדש - דרום, תל אביב יפו ",FALSE,FALSE,FALSE,FALSE,34.785158,32.081415
אבן גבירול 90,center,"7,000 ₪",3,4,66," הצפון החדש - דרום, תל אביב יפו ",FALSE,TRUE,TRUE,TRUE,34.7815,32.082699
שטריקר ,center,"8,200 ₪",2.5,קרקע,70," הצפון החדש - צפון, תל אביב יפו ",FALSE,FALSE,FALSE,TRUE,34.7880121,32.0910235
בן יהודה 117,center,"5,200 ₪",2,2,48," הצפון הישן - צפון, תל אביב יפו ",FALSE,TRUE,TRUE,TRUE,34.772558,32.085816
בזל ,center,"7,000 ₪",2.5,4,60," הצפון הישן - צפון, תל אביב יפו ",TRUE,TRUE,TRUE,FALSE,34.779211,32.0899313
בני דן ,center,"8,000 ₪",3,3,80," הצפון החדש - צפון, תל אביב יפו ",TRUE,TRUE,TRUE,FALSE,34.7872116,32.095644
שדרות דוד המלך 25,center,"7,000 ₪",3.5,3,120," הצפון החדש - דרום, תל אביב יפו ",FALSE,TRUE,FALSE,FALSE,34.784114,32.080258
זכריה ,center,"10,000 ₪",3,1,110," הצפון הישן - צפון, תל אביב יפו ",TRUE,TRUE,TRUE,FALSE,34.7767536,32.0957358
דיזנגוף 240,center,"3,500 ₪",1,2,25," הצפון הישן - צפון, תל אביב יפו ",FALSE,TRUE,FALSE,FALSE,34.775874,32.08977
בארי 36,center,"7,500 ₪",3,6,104," הצפון החדש - דרום, תל אביב יפו ",TRUE,TRUE,TRUE,TRUE,34.789806,32.082293
שדרות נורדאו 25,center,"3,200 ₪",1,קרקע,25," הצפון הישן - צפון, תל אביב יפו ",FALSE,TRUE,FALSE,FALSE,34.775914,32.092614
הרב פרידמן ,center,730 ₪,לא צוין,קרקע,18," הצפון החדש - צפון, תל אביב יפו ",FALSE,FALSE,FALSE,FALSE,34.7929864,32.0941002
בצלאל ,center,"7,900 ₪",3,2,75," הצפון החדש - דרום, תל אביב יפו ",FALSE,TRUE,FALSE,FALSE,34.7846382,32.0823762
דה האז ,center,"7,250 ₪",3.5,1,85," הצפון החדש - צפון, תל אביב יפו ",FALSE,TRUE,FALSE,FALSE,34.785953,32.0922928
אבן גבירול 172,center,"6,200 ₪",3,1,70," הצפון החדש - צפון, תל אביב יפו ",FALSE,TRUE,FALSE,FALSE,34.783326,32.092152
שלומציון המלכה 11,center,"6,300 ₪",2.5,1,50," הצפון החדש - צפון, תל אביב יפו ",FALSE,TRUE,TRUE,TRUE,34.785506,32.094914
בצלאל 31,center,"7,400 ₪",4,קרקע,82," הצפון החדש - דרום, תל אביב יפו ",FALSE,TRUE,TRUE,FALSE,34.785268,32.08301
פינלס 11,center,"5,600 ₪",2,2,53," הצפון החדש - צפון, תל אביב יפו ",FALSE,TRUE,FALSE,FALSE,34.790043,32.094572
שלומציון המלכה ,center,"6,400 ₪",3,3,60," הצפון החדש - צפון, תל אביב יפו ",TRUE,TRUE,TRUE,FALSE,34.7871974,32.0948862
מנדלשטם ,center,"29,000 ₪",5,3,165," הצפון הישן - צפון, תל אביב יפו ",TRUE,TRUE,TRUE,FALSE,34.7761665,32.0916222
לואי מרשל ,center,"10,000 ₪",2,3,100," הצפון החדש - צפון, תל אביב יפו ",TRUE,TRUE,TRUE,TRUE,34.7879885,32.0925181
ז'בוטינסקי ,center,"7,800 ₪",3,4,110," הצפון הישן - צפון, תל אביב יפו ",TRUE,TRUE,TRUE,TRUE,34.7828448,32.0880546
ברנדייס ,center,"1,800 ₪",לא צוין,קרקע,15," הצפון החדש - צפון, תל אביב יפו ",FALSE,FALSE,FALSE,FALSE,34.7871795,32.0933964
יהושע בן נון 85,center,"1,150 ₪",לא צוין,קרקע,5," הצפון הישן - צפון, תל אביב יפו ",FALSE,FALSE,FALSE,FALSE,34.781333,32.093541
הרב צירלסון ,center,"6,700 ₪",3.5,3,80," הצפון החדש - צפון, תל אביב יפו ",TRUE,TRUE,FALSE,TRUE,34.7935704,32.0942677
הירקון 196,center,"14,000 ₪",3,3,98," הצפון הישן - צפון, תל אביב יפו ",FALSE,TRUE,TRUE,TRUE,34.771625,32.088159
פנקס 19,center,"8,000 ₪",4,2,90," הצפון החדש - צפון, תל אביב יפו ",FALSE,TRUE,TRUE,TRUE,34.785567,32.091095
עמוס 8,center,"11,500 ₪",3,3,90," הצפון הישן - צפון, תל אביב יפו ",TRUE,TRUE,TRUE,FALSE,34.779117,32.093219
וייצמן ,center,"6,500 ₪",2.5,1,70," הצפון החדש - צפון, תל אביב יפו ",TRUE,TRUE,TRUE,FALSE,34.7885754,32.079767
שדרות נורדאו ,center,"8,000 ₪",3,1,70," הצפון הישן - צפון, תל אביב יפו ",TRUE,TRUE,TRUE,TRUE,34.782979,32.0917533
רב צעיר ,center,"4,400 ₪",1,3,31," הצפון החדש - צפון, תל אביב יפו ",TRUE,TRUE,TRUE,FALSE,34.7912806,32.0927348
הילדסהיימר ,center,"28,000 ₪",6,קרקע,250," הצפון החדש - צפון, תל אביב יפו ",FALSE,TRUE,TRUE,TRUE,34.7917221,32.094618
הצפון החדש - צפון ,center,"4,500 ₪",2,קרקע,לא צוין ,  תל אביב יפו ,FALSE,TRUE,TRUE,FALSE,,
הצפון החדש - צפון ,center,"5,300 ₪",2,1,לא צוין ,  תל אביב יפו ,FALSE,TRUE,TRUE,FALSE,,
בצלאל ,center,"7,400 ₪",3,2,70," הצפון החדש - דרום, תל אביב יפו ",TRUE,TRUE,FALSE,FALSE,34.7846382,32.0823762
בצלאל 31,center,"5,500 ₪",2,2,58," הצפון החדש - דרום, תל אביב יפו ",FALSE,TRUE,FALSE,FALSE,34.785268,32.08301
עמוס 4,center,"6,000 ₪",2,3,45," הצפון הישן - צפון, תל אביב יפו ",FALSE,TRUE,TRUE,TRUE,34.778956,32.093349
שמעון התרסי 12,center,"7,000 ₪",3,2,80," הצפון הישן - צפון, תל אביב יפו ",FALSE,TRUE,TRUE,FALSE,34.780362,32.094364
צייטלין 33,center,"9,000 ₪",4,3,100," הצפון החדש - דרום, תל אביב יפו ",TRUE,TRUE,TRUE,FALSE,34.786161,32.079302
בצלאל ,center,"2,500 ₪",1,קרקע,14," הצפון החדש - דרום, תל אביב יפו ",FALSE,TRUE,TRUE,TRUE,34.7846382,32.0823762
אריסטובולוס 6,center,"5,650 ₪",2.5,1,54," הצפון החדש - צפון, תל אביב יפו ",FALSE,TRUE,FALSE,FALSE,34.786582,32.092908
שילה 5,center,"6,000 ₪",2.5,1,50," הצפון החדש - דרום, תל אביב יפו ",FALSE,TRUE,TRUE,FALSE,34.781971,32.080985
שדרות נורדאו ,center,"5,800 ₪",2,1,40," הצפון הישן - צפון, תל אביב יפו ",TRUE,TRUE,TRUE,TRUE,34.782979,32.0917533
אשתורי הפרחי 4,center,"6,500 ₪",2,3,60," הצפון הישן - צפון, תל אביב יפו ",FALSE,TRUE,FALSE,TRUE,34.779955,32.089
אנטיגונוס ,center,"9,000 ₪",3,2,90," הצפון החדש - צפון, תל אביב יפו ",TRUE,TRUE,TRUE,FALSE,34.7847155,32.0927924
שלומציון המלכה ,center,"8,500 ₪",2,קרקע,67," הצפון החדש - צפון, תל אביב יפו ",FALSE,TRUE,TRUE,TRUE,34.7871974,32.0948862
גרץ 8,center,"3,500 ₪",1,קרקע,23," הצפון הישן - צפון, תל אביב יפו ",FALSE,TRUE,TRUE,TRUE,34.773862,32.085306
דיזנגוף 280,center,"4,800 ₪",2,קרקע,40," הצפון הישן - צפון, תל אביב יפו ",FALSE,TRUE,TRUE,FALSE,34.776512,32.092653
יונתן הופסי 4,center,"3,900 ₪",1.5,קרקע,27," הצפון החדש - צפון, תל אביב יפו ",FALSE,FALSE,FALSE,FALSE,34.784955,32.094223
אבן גבירול ,center,"5,500 ₪",2,2,60," הצפון החדש - צפון, תל אביב יפו ",FALSE,TRUE,FALSE,FALSE,34.7826325,32.0893639
פנקס 53,center,"5,500 ₪",2.5,3,65," הצפון החדש - צפון, תל אביב יפו ",FALSE,TRUE,TRUE,FALSE,34.790131,32.091201
אנטיגונוס 9,center,"5,800 ₪",2,1,60," הצפון החדש - צפון, תל אביב יפו ",FALSE,TRUE,FALSE,TRUE,34.78493,32.092688
יהודה המכבי ,center,"5,000 ₪",2,1,50," הצפון החדש - צפון, תל אביב יפו ",FALSE,TRUE,TRUE,FALSE,34.7842411,32.0939842
אהרון דוד גורדון 1,center,"4,400 ₪",2,1,34," הצפון הישן - צפון, תל אביב יפו ",FALSE,FALSE,FALSE,FALSE,34.771043,32.086062
ארלוזורוב ,center,"5,500 ₪",3,1,75," הצפון הישן - צפון, תל אביב יפו ",FALSE,TRUE,TRUE,FALSE,34.7892418,32.0837218
יצחק שדה 38,center,"6,900 ₪",4,4,100," מונטיפיורי, הרכבת, תל אביב יפו ",FALSE,TRUE,TRUE,TRUE,34.7880029,32.0647757
דרך מנחם בגין 78,center,"5,000 ₪",1,קרקע,92," מונטיפיורי, הרכבת, תל אביב יפו ",FALSE,TRUE,FALSE,FALSE,,
הגיבור האלמוני 6,center,"5,500 ₪",4,4,110," יד אליהו, תל אביב יפו ",FALSE,TRUE,FALSE,FALSE,34.799431,32.054611
"ד""ר שמעון ברנפלד 10",center,"5,000 ₪",3,2,70," תל חיים, תל אביב יפו ",FALSE,TRUE,TRUE,FALSE,34.802614,32.059611
בן אביגדור ,center,"4,500 ₪",3,2,50," מונטיפיורי, הרכבת, תל אביב יפו ",TRUE,TRUE,TRUE,TRUE,34.7888839,32.067265
המסגר 8,center,"3,100 ₪",2,3,35," מונטיפיורי, הרכבת, תל אביב יפו ",FALSE,TRUE,TRUE,TRUE,34.784696,32.060508
עמישב 20,center,"4,200 ₪",2.5,2,60," תל חיים, תל אביב יפו ",FALSE,TRUE,FALSE,FALSE,34.804394,32.063496
דרך מנחם בגין 144,center,"7,000 ₪",3,20,12," מונטיפיורי, הרכבת, תל אביב יפו ",TRUE,TRUE,FALSE,TRUE,,
דרך מנחם בגין 72,center,"3,200 ₪",1,1,22," מונטיפיורי, הרכבת, תל אביב יפו ",FALSE,TRUE,FALSE,TRUE,,
שלמה בובר 12,center,"4,200 ₪",2,קרקע,45," תל חיים, תל אביב יפו ",FALSE,FALSE,FALSE,FALSE,34.802089,32.060537
פרזון 15,center,"4,600 ₪",3,1,55," יד אליהו, תל אביב יפו ",FALSE,TRUE,TRUE,TRUE,34.797628,32.055564
שלמה בובר ,center,"4,200 ₪",2,קרקע,48," תל חיים, תל אביב יפו ",FALSE,TRUE,FALSE,FALSE,34.8018343,32.0611687
לה גווארדיה 28,center,"4,500 ₪",3.5,4,74," יד אליהו, תל אביב יפו ",FALSE,TRUE,TRUE,TRUE,34.79054,32.059052
הגיבור האלמוני 74,center,"6,000 ₪",4,2,105," יד אליהו, תל אביב יפו ",FALSE,TRUE,TRUE,TRUE,34.798631,32.063023
דרך השלום 99,center,"4,300 ₪",2,3,50," תל חיים, תל אביב יפו ",FALSE,TRUE,FALSE,FALSE,,
דרך מנחם בגין 144,center,לא צוין מחיר,3,24,80," מונטיפיורי, הרכבת, תל אביב יפו ",TRUE,TRUE,TRUE,FALSE,,
"ד""ר אברהם אליהו הרכבי 30",center,"4,200 ₪",2,3,35," תל חיים, תל אביב יפו ",FALSE,TRUE,TRUE,FALSE,,
דרך מנחם בגין 150,center,"6,000 ₪",2,20,53," מונטיפיורי, הרכבת, תל אביב יפו ",TRUE,TRUE,TRUE,TRUE,,
דרך השלום 91,center,"4,000 ₪",2.5,4,55," תל חיים, תל אביב יפו ",FALSE,TRUE,FALSE,FALSE,,
לה גווארדיה 24,center,"4,000 ₪",2,4,65," יד אליהו, תל אביב יפו ",FALSE,TRUE,TRUE,TRUE,34.7898519,32.0591548
יצחק שדה 36,center,"3,300 ₪",1,3,30," מונטיפיורי, הרכבת, תל אביב יפו ",FALSE,TRUE,TRUE,TRUE,34.787852,32.064879
גונן 16,center,"4,000 ₪",3.5,1,95," תל חיים, תל אביב יפו ",FALSE,TRUE,FALSE,FALSE,34.804936,32.063893
בן אביגדור ,center,"4,500 ₪",3,2,55," מונטיפיורי, הרכבת, תל אביב יפו ",TRUE,TRUE,TRUE,TRUE,34.7888839,32.067265
דרך השלום 101,center,"6,380 ₪",4,2,90," תל חיים, תל אביב יפו ",FALSE,TRUE,TRUE,FALSE,,
המערכה 22,center,"4,800 ₪",3,3,64," יד אליהו, תל אביב יפו ",FALSE,TRUE,TRUE,TRUE,34.795277,32.06148
שונצינו ,center,"3,900 ₪",2,3,40," מונטיפיורי, הרכבת, תל אביב יפו ",TRUE,TRUE,TRUE,TRUE,34.7871457,32.0652085
הגיבור האלמוני 36,center,"5,500 ₪",3,4,80," יד אליהו, תל אביב יפו ",FALSE,TRUE,FALSE,TRUE,34.799635,32.057952
"ד""ר אברהם אליהו הרכבי ",center,"3,000 ₪",2,קרקע,40," תל חיים, תל אביב יפו ",FALSE,TRUE,FALSE,TRUE,,
בנימין זאב באכר 10,center,"6,200 ₪",4,2,100," תל חיים, תל אביב יפו ",FALSE,TRUE,TRUE,TRUE,,
דרך השלום 85,center,"4,400 ₪",2.5,3,57," תל חיים, תל אביב יפו ",FALSE,TRUE,TRUE,FALSE,,
דרך השלום 99,center,"4,000 ₪",2,2,60," תל חיים, תל אביב יפו ",FALSE,TRUE,FALSE,TRUE,,
עמישב 30,center,"4,300 ₪",2.5,2,60," תל חיים, תל אביב יפו ",FALSE,TRUE,TRUE,TRUE,34.805129,32.062391
דרך מנחם בגין 144,center,"7,900 ₪",3,28,72," מונטיפיורי, הרכבת, תל אביב יפו ",TRUE,TRUE,TRUE,FALSE,,
עמישב 32,center,"3,700 ₪",2,3,45," תל חיים, תל אביב יפו ",FALSE,TRUE,TRUE,FALSE,34.805305,32.062202
בנימין זאב באכר 8,center,430 ₪,לא צוין,2,1," תל חיים, תל אביב יפו ",FALSE,FALSE,FALSE,FALSE,,
דרך משה דיין 61,center,"5,700 ₪",4,7,80," יד אליהו, תל אביב יפו ",TRUE,TRUE,TRUE,TRUE,,
שדרות יהודית ,center,"5,500 ₪",2,3,43," מונטיפיורי, הרכבת, תל אביב יפו ",TRUE,TRUE,TRUE,TRUE,34.7902434,32.0701276
דרך מנחם בגין 144,center,"7,500 ₪",2,16,68," מונטיפיורי, הרכבת, תל אביב יפו ",TRUE,TRUE,TRUE,TRUE,,
"ד""ר אברהם אליהו הרכבי 40",center,"6,850 ₪",4,1,120," תל חיים, תל אביב יפו ",TRUE,TRUE,FALSE,TRUE,,
דרך מנחם בגין 144,center,"11,250 ₪",4,41,133," מונטיפיורי, הרכבת, תל אביב יפו ",TRUE,TRUE,TRUE,FALSE,,
דרך השלום 89,center,"4,700 ₪",3,2,55," תל חיים, תל אביב יפו ",FALSE,TRUE,TRUE,FALSE,,
דרך מנחם בגין 144,center,"8,500 ₪",3,30,73," מונטיפיורי, הרכבת, תל אביב יפו ",TRUE,TRUE,FALSE,TRUE,,
"ד""ר אברהם אליהו הרכבי ",center,"6,200 ₪",4,5,95," תל חיים, תל אביב יפו ",TRUE,TRUE,TRUE,FALSE,,
בן אביגדור ,center,"4,200 ₪",2,2,55," מונטיפיורי, הרכבת, תל אביב יפו ",TRUE,TRUE,TRUE,TRUE,34.7888839,32.067265
נתן ילין מור ,center,"7,700 ₪",4,4,90," מונטיפיורי, הרכבת, תל אביב יפו ",TRUE,TRUE,FALSE,FALSE,,
טברסקי ,center,"12,000 ₪",8,2,140," מונטיפיורי, הרכבת, תל אביב יפו ",FALSE,TRUE,TRUE,TRUE,34.7889518,32.0655099
דרך השלום 91,center,"3,000 ₪",1.5,3,25," תל חיים, תל אביב יפו ",FALSE,TRUE,TRUE,TRUE,,
עמישב 4,center,"4,000 ₪",2.5,2,55," תל חיים, תל אביב יפו ",FALSE,TRUE,FALSE,FALSE,34.803666,32.065646
שלמה בובר 22,center,"8,000 ₪",4,קרקע,185," תל חיים, תל אביב יפו ",FALSE,TRUE,FALSE,FALSE,34.801964,32.061516
דרך משה דיין 51,center,"4,500 ₪",4,3,80," יד אליהו, תל אביב יפו ",FALSE,TRUE,FALSE,FALSE,,
נתן ילין מור 18,center,"6,500 ₪",3,1,60," מונטיפיורי, הרכבת, תל אביב יפו ",TRUE,TRUE,TRUE,FALSE,,
עמישב 10,center,"4,400 ₪",2,3,50," תל חיים, תל אביב יפו ",FALSE,TRUE,FALSE,FALSE,34.803856,32.064832
דרך השלום 93,center,"4,300 ₪",2.5,3,60," תל חיים, תל אביב יפו ",FALSE,TRUE,TRUE,TRUE,,
דרך מנחם בגין 144,center,"6,000 ₪",3,11,70," מונטיפיורי, הרכבת, תל אביב יפו ",TRUE,TRUE,TRUE,TRUE,,
דרך מנחם בגין 144,center,"6,500 ₪",3,12,70," מונטיפיורי, הרכבת, תל אביב יפו ",TRUE,TRUE,FALSE,TRUE,,
דרך הטייסים 10,center,"5,700 ₪",3,3,78," תל חיים, תל אביב יפו ",FALSE,TRUE,TRUE,FALSE,,
יצחק שדה 38,center,"7,000 ₪",4,3,170," מונטיפיורי, הרכבת, תל אביב יפו ",FALSE,TRUE,TRUE,TRUE,34.7880029,32.0647757
דרך מנחם בגין 144,center,"7,500 ₪",3.5,18,76," מונטיפיורי, הרכבת, תל אביב יפו ",TRUE,TRUE,TRUE,FALSE,,
דרך השלום 95,center,"3,800 ₪",2,3,55," תל חיים, תל אביב יפו ",FALSE,TRUE,FALSE,FALSE,,
יצחק שדה 68,center,"5,400 ₪",3,2,70," יד אליהו, תל אביב יפו ",FALSE,TRUE,TRUE,TRUE,34.795725,32.06363
דרך מנחם בגין 144,center,"7,800 ₪",3,16,70," מונטיפיורי, הרכבת, תל אביב יפו ",TRUE,TRUE,TRUE,TRUE,,
יוסף קארו ,center,"8,000 ₪",4,4,88," מונטיפיורי, הרכבת, תל אביב יפו ",TRUE,TRUE,FALSE,FALSE,34.7923709,32.0705173
דרך מנחם בגין 150,center,"7,500 ₪",3,21,81," מונטיפיורי, הרכבת, תל אביב יפו ",TRUE,TRUE,FALSE,FALSE,,
"ד""ר שמעון ברנפלד 20",center,"4,400 ₪",3,4,65," תל חיים, תל אביב יפו ",FALSE,TRUE,FALSE,FALSE,34.803656,32.062054
דרך מנחם בגין 144,center,"11,000 ₪",5,40,136," מונטיפיורי, הרכבת, תל אביב יפו ",TRUE,TRUE,TRUE,FALSE,,
נגבה 24,center,"5,000 ₪",3,4,68," יד אליהו, תל אביב יפו ",TRUE,TRUE,TRUE,FALSE,34.796899,32.053978
בית הלל 27,center,"7,000 ₪",3,6,75," מונטיפיורי, הרכבת, תל אביב יפו ",TRUE,TRUE,TRUE,FALSE,34.791538,32.069325
דרך מנחם בגין 144,center,"6,500 ₪",3,11,70," מונטיפיורי, הרכבת, תל אביב יפו ",FALSE,TRUE,FALSE,FALSE,,
לה גווארדיה 62,center,"5,100 ₪",3,1,70," יד אליהו, תל אביב יפו ",FALSE,FALSE,FALSE,FALSE,34.797867,32.058899
דרך מנחם בגין 144,center,"8,500 ₪",3,15,71," מונטיפיורי, הרכבת, תל אביב יפו ",TRUE,TRUE,FALSE,TRUE,,
שדרות יהודית 34,center,"5,500 ₪",2,2,46," מונטיפיורי, הרכבת, תל אביב יפו ",TRUE,TRUE,FALSE,FALSE,34.791803,32.069697
דרך מנחם בגין 144,center,300 ₪,לא צוין,-1,10," מונטיפיורי, הרכבת, תל אביב יפו ",FALSE,FALSE,FALSE,FALSE,,
"ד""ר אברהם אליהו הרכבי 10",center,"3,200 ₪",2.5,קרקע,32," תל חיים, תל אביב יפו ",FALSE,TRUE,TRUE,TRUE,,
"הנצי""ב 12",center,"6,500 ₪",3,5,75," מונטיפיורי, הרכבת, תל אביב יפו ",TRUE,TRUE,TRUE,FALSE,34.790053,32.068478
בן אביגדור 2,center,"4,200 ₪",2,2,50," מונטיפיורי, הרכבת, תל אביב יפו ",TRUE,TRUE,TRUE,TRUE,34.787312,32.06741
"ד""ר אברהם אליהו הרכבי 13",center,"6,200 ₪",4,3,96," תל חיים, תל אביב יפו ",TRUE,TRUE,TRUE,FALSE,,
יוסף קארו 21,center,"4,000 ₪",2,1,48," מונטיפיורי, הרכבת, תל אביב יפו ",FALSE,TRUE,FALSE,FALSE,34.7903653,32.0707824
סר ג'ון מונש 9,center,"4,200 ₪",3,4,75," יד אליהו, תל אביב יפו ",FALSE,TRUE,FALSE,FALSE,34.79324,32.055899
המסגר 44,center,"2,850 ₪",1,3,20," מונטיפיורי, הרכבת, תל אביב יפו ",TRUE,TRUE,FALSE,TRUE,34.786473,32.06515
"ד""ר אברהם אליהו הרכבי ",center,"6,000 ₪",4,3,100," תל חיים, תל אביב יפו ",FALSE,TRUE,FALSE,FALSE,,
שונצינו ,center,"3,400 ₪",1,4,35," מונטיפיורי, הרכבת, תל אביב יפו ",TRUE,TRUE,TRUE,TRUE,34.7871457,32.0652085
דרך מנחם בגין 144,center,"7,000 ₪",3,17,70," מונטיפיורי, הרכבת, תל אביב יפו ",TRUE,TRUE,FALSE,TRUE,,
בנימין זאב באכר 39,center,"5,200 ₪",3,1,75," תל חיים, תל אביב יפו ",FALSE,TRUE,FALSE,TRUE,,
גונן 12,center,"3,500 ₪",3,1,80," תל חיים, תל אביב יפו ",FALSE,TRUE,FALSE,FALSE,34.804765,32.06433
"ד""ר שמעון ברנפלד 11",center,"6,000 ₪",4,1,85," תל חיים, תל אביב יפו ",FALSE,FALSE,FALSE,FALSE,34.802865,32.059972
דרך השלום 93,center,"4,000 ₪",2,1,49," תל חיים, תל אביב יפו ",FALSE,TRUE,FALSE,TRUE,,
רבניצקי 4,center,"2,400 ₪",1,2,40," מונטיפיורי, הרכבת, תל אביב יפו ",TRUE,TRUE,FALSE,TRUE,34.789831,32.065693
רחבת הגייסות 6,center,"4,400 ₪",2.5,3,60," יד אליהו, תל אביב יפו ",FALSE,TRUE,FALSE,TRUE,,
המסגר 60,center,"4,400 ₪",2,3,60," מונטיפיורי, הרכבת, תל אביב יפו ",TRUE,TRUE,TRUE,FALSE,34.787052,32.067033
עמישב 30,center,"4,450 ₪",2.5,3,53," תל חיים, תל אביב יפו ",FALSE,TRUE,FALSE,TRUE,34.805129,32.062391
דרך מנחם בגין 144,center,"11,000 ₪",4,41,150," מונטיפיורי, הרכבת, תל אביב יפו ",TRUE,TRUE,TRUE,TRUE,,
"ד""ר שמעון ברנפלד ",center,"4,300 ₪",3,קרקע,75," תל חיים, תל אביב יפו ",FALSE,TRUE,TRUE,FALSE,34.803518,32.0609764
יפתח 16,center,"9,500 ₪",4,6,115," יד אליהו, תל אביב יפו ",TRUE,TRUE,TRUE,FALSE,34.797654,32.057844
דרך מנחם בגין 144,center,"9,800 ₪",4,41,120," מונטיפיורי, הרכבת, תל אביב יפו ",TRUE,TRUE,TRUE,FALSE,,
יצחק אלחנן 3,center,לא צוין מחיר,2,3,50," נווה צדק, תל אביב יפו ",FALSE,TRUE,FALSE,FALSE,34.765749,32.065597
אלנבי 136,center,"3,300 ₪",1,קרקע,23," לב תל אביב, לב העיר צפון, תל אביב יפו ",FALSE,TRUE,TRUE,TRUE,34.77349,32.061297
מקווה ישראל 5,center,"4,000 ₪",2,2,40," לב תל אביב, לב העיר צפון, תל אביב יפו ",TRUE,TRUE,TRUE,TRUE,,
שלוש ,center,"12,500 ₪",5,2,160," נווה צדק, תל אביב יפו ",FALSE,TRUE,TRUE,TRUE,34.7659011,32.0596769
יבנאל 31,center,"16,000 ₪",4,2,140," נווה צדק, תל אביב יפו ",FALSE,TRUE,FALSE,TRUE,34.768276,32.064002
מקווה ישראל 10,center,"4,200 ₪",2,5,45," לב תל אביב, לב העיר צפון, תל אביב יפו ",TRUE,TRUE,TRUE,TRUE,,
נווה צדק ,center,"30,000 $",לא צוין,קרקע,1000,  תל אביב יפו ,FALSE,TRUE,TRUE,FALSE,34.76412884,32.063251
נחלת בנימין 10,center,"16,000 ₪",4,5,140," לב תל אביב, לב העיר צפון, תל אביב יפו ",TRUE,TRUE,TRUE,FALSE,34.7699,32.068599
החשמונאים 3,center,"4,200 ₪",1,4,25," לב תל אביב, לב העיר צפון, תל אביב יפו ",FALSE,TRUE,TRUE,TRUE,34.7742,32.072015
אמזלג 10,center,"4,500 ₪",1.5,-1,36," נווה צדק, תל אביב יפו ",TRUE,TRUE,TRUE,TRUE,34.7659945,32.0604208
חברון 12,center,"18,000 ₪",5,4,140," לב תל אביב, לב העיר צפון, תל אביב יפו ",TRUE,TRUE,TRUE,TRUE,34.769589,32.074845
מחנה יוסף 25,center,"9,000 ₪",3,קרקע,80," נווה צדק, תל אביב יפו ",FALSE,TRUE,TRUE,TRUE,34.766583,32.064257
אידלסון 7,center,"8,000 ₪",5.5,קרקע,125," לב תל אביב, לב העיר צפון, תל אביב יפו ",FALSE,TRUE,TRUE,TRUE,34.76768,32.074066
נווה צדק ,center,"16,000 ₪",4,קרקע,200,  תל אביב יפו ,TRUE,TRUE,TRUE,FALSE,34.76412884,32.063251
נווה צדק ,center,"27,000 ₪",5.5,2,260,  תל אביב יפו ,TRUE,TRUE,TRUE,FALSE,34.76412884,32.063251
בורוכוב 12,center,"6,500 ₪",2.5,3,75," לב תל אביב, לב העיר צפון, תל אביב יפו ",FALSE,TRUE,FALSE,TRUE,34.775253,32.071834
שדרות בן ציון 4,center,"8,500 ₪",3,1,70," לב תל אביב, לב העיר צפון, תל אביב יפו ",TRUE,TRUE,TRUE,TRUE,34.7769473,32.0731004
הירקון 78,center,"15,000 ₪",3,29,98," לב תל אביב, לב העיר צפון, תל אביב יפו ",TRUE,TRUE,TRUE,TRUE,34.767316,32.076854
שבזי 12,center,"9,000 ₪",4.5,2,108," נווה צדק, תל אביב יפו ",TRUE,FALSE,FALSE,FALSE,34.763686,32.06123
החרמון 37,center,"3,500 ₪",1,1,21," נווה צדק, תל אביב יפו ",FALSE,TRUE,TRUE,TRUE,34.767209,32.063949
פרץ חיות 3,center,"6,500 ₪",3,1,70," לב תל אביב, לב העיר צפון, תל אביב יפו ",FALSE,TRUE,FALSE,TRUE,34.774259,32.070758
יהודה הלוי 20,center,850 ₪,לא צוין,קרקע,10," נווה צדק, תל אביב יפו ",FALSE,FALSE,FALSE,FALSE,34.76989,32.061348
לילינבלום ,center,"5,000 ₪",2,1,50," נווה צדק, תל אביב יפו ",FALSE,TRUE,TRUE,TRUE,34.7720472,32.0623871
אחווה 28,center,"11,200 ₪",2.5,1,80," נווה צדק, תל אביב יפו ",FALSE,TRUE,TRUE,FALSE,34.765566,32.060668
נווה צדק ,center,"16,000 ₪",4,2,150," נווה צדק, תל אביב יפו ",TRUE,TRUE,TRUE,FALSE,34.76412884,32.063251
פינס ,center,800 ₪,לא צוין,קרקע,18," נווה צדק, תל אביב יפו ",FALSE,FALSE,FALSE,FALSE,34.7664802,32.0627855
לונץ 3,center,"7,500 ₪",2.5,2,72," לב תל אביב, לב העיר צפון, תל אביב יפו ",FALSE,TRUE,TRUE,FALSE,34.779251,32.070092
שיינקין ,center,"12,700 ₪",4,1,116," לב תל אביב, לב העיר צפון, תל אביב יפו ",TRUE,TRUE,TRUE,TRUE,34.7783434,32.0681198
"מזא""ה 48",center,"9,200 ₪",3,3,180," לב תל אביב, לב העיר צפון, תל אביב יפו ",FALSE,TRUE,TRUE,FALSE,34.777956,32.065709
יצחק אלחנן 3,center,650 ₪,לא צוין,קרקע,1," נווה צדק, תל אביב יפו ",FALSE,FALSE,FALSE,FALSE,34.765749,32.065597
פיארברג 6,center,"11,000 ₪",4,קרקע,340," לב תל אביב, לב העיר צפון, תל אביב יפו ",FALSE,TRUE,FALSE,TRUE,34.776307,32.067408
אילת 61,center,"10,500 ₪",3,26,90," נווה צדק, תל אביב יפו ",TRUE,TRUE,TRUE,TRUE,34.76674105,32.0597437
שבזי ,center,"10,000 ₪",3.5,2,85," נווה צדק, תל אביב יפו ",FALSE,TRUE,TRUE,TRUE,34.7646198,32.0628382
נווה צדק ,center,"11,000 ₪",3,2,85,  תל אביב יפו ,TRUE,TRUE,TRUE,TRUE,34.76412884,32.063251
שדרות רוטשילד ,center,"8,500 ₪",3,2,90," לב תל אביב, לב העיר צפון, תל אביב יפו ",TRUE,TRUE,TRUE,FALSE,34.771809,32.0630491
בלפור ,center,"9,800 ₪",4,2,100," לב תל אביב, לב העיר צפון, תל אביב יפו ",TRUE,TRUE,TRUE,FALSE,34.7747483,32.0674461
יצחק אלחנן 15,center,"18,100 ₪",3.5,14,130," נווה צדק, תל אביב יפו ",TRUE,TRUE,TRUE,TRUE,34.767154,32.064873
סמטת שבזי 6,center,"2,500 ₪",1,1,14," נווה צדק, תל אביב יפו ",FALSE,FALSE,FALSE,FALSE,34.767085,32.0634405
"לב תל אביב, לב העיר צפון ",center,"3,600 ₪",1,1,34,  תל אביב יפו ,FALSE,TRUE,TRUE,TRUE,,
לבונטין ,center,"12,000 ₪",3,5,80," לב תל אביב, לב העיר צפון, תל אביב יפו ",TRUE,TRUE,TRUE,TRUE,34.7765118,32.0634423
נווה צדק ,center,"8,800 ₪",3,2,72,  תל אביב יפו ,TRUE,TRUE,TRUE,FALSE,34.76412884,32.063251
המלך ג'ורג' 2,center,"4,000 ₪",2,2,45," לב תל אביב, לב העיר צפון, תל אביב יפו ",FALSE,TRUE,TRUE,FALSE,34.770805,32.069952
מולכו 7,center,"6,200 ₪",3,1,50," נווה צדק, תל אביב יפו ",FALSE,TRUE,TRUE,FALSE,34.76708,32.062578
עין יעקב 22,center,"6,000 ₪",2.5,1,60," נווה צדק, תל אביב יפו ",FALSE,TRUE,FALSE,FALSE,34.764549,32.062993
"מזא""ה 56",center,לא צוין מחיר,לא צוין,קרקע,9," לב תל אביב, לב העיר צפון, תל אביב יפו ",FALSE,FALSE,FALSE,FALSE,34.779359,32.065361
אילת 61,center,"11,000 ₪",3,28,87," נווה צדק, תל אביב יפו ",TRUE,TRUE,TRUE,TRUE,34.76674105,32.0597437
"מיכ""ל ",center,"9,500 ₪",4,1,95," לב תל אביב, לב העיר צפון, תל אביב יפו ",TRUE,TRUE,TRUE,FALSE,34.7754041,32.0732088
המגיד 5,center,"7,200 ₪",2.5,4,50," לב תל אביב, לב העיר צפון, תל אביב יפו ",TRUE,TRUE,TRUE,FALSE,34.778587,32.067035
הירקון 47,center,"13,900 ₪",3,12,105," לב תל אביב, לב העיר צפון, תל אביב יפו ",TRUE,TRUE,TRUE,TRUE,34.766041,32.073784
בר אילן ,center,"16,000 ₪",5,3,165," לב תל אביב, לב העיר צפון, תל אביב יפו ",TRUE,TRUE,TRUE,TRUE,34.7784657,32.0696173
"רש""י 39",center,"15,000 ₪",5,1,145," לב תל אביב, לב העיר צפון, תל אביב יפו ",FALSE,TRUE,TRUE,FALSE,34.775183,32.071091
אחווה 28,center,"12,800 ₪",2.5,1,80," נווה צדק, תל אביב יפו ",FALSE,TRUE,TRUE,FALSE,34.765566,32.060668
יהודה הלוי 10,center,"12,000 ₪",4,קרקע,110," נווה צדק, תל אביב יפו ",TRUE,TRUE,FALSE,FALSE,34.768577,32.06121
פינס ,center,"9,500 ₪",3,3,80," נווה צדק, תל אביב יפו ",TRUE,TRUE,TRUE,TRUE,34.7664802,32.0627855
צבי ברוק ,center,"6,500 ₪",3,1,66," לב תל אביב, לב העיר צפון, תל אביב יפו ",FALSE,TRUE,TRUE,FALSE,34.7719159,32.0739963
שביל האטד 4,center,"4,800 ₪",2.5,קרקע,55," נווה צדק, תל אביב יפו ",FALSE,TRUE,TRUE,FALSE,34.767286,32.060148
עין ורד ,center,"6,000 ₪",2,1,53," לב תל אביב, לב העיר צפון, תל אביב יפו ",TRUE,TRUE,TRUE,TRUE,34.7747483,32.0674461
אילת 61,center,900 ₪,לא צוין,קרקע,4," נווה צדק, תל אביב יפו ",FALSE,FALSE,FALSE,FALSE,34.76674105,32.0597437
מנחם שטיין 6,center,"10,000 ₪",4,קרקע,100," נווה צדק, תל אביב יפו ",FALSE,TRUE,FALSE,TRUE,,
גרוזנברג ,center,"9,500 ₪",3,קרקע,75," לב תל אביב, לב העיר צפון, תל אביב יפו ",TRUE,TRUE,TRUE,TRUE,34.7697657,32.0661466
יוסף הנשיא 9,center,"8,000 ₪",3.5,3,71," לב תל אביב, לב העיר צפון, תל אביב יפו ",FALSE,TRUE,TRUE,FALSE,34.773643,32.068463
נווה צדק ,center,"48,000 ₪",4,5,340,  תל אביב יפו ,TRUE,TRUE,FALSE,FALSE,34.76412884,32.063251
פינס ,center,"8,000 ₪",3,קרקע,65," נווה צדק, תל אביב יפו ",FALSE,TRUE,FALSE,TRUE,34.7664802,32.0627855
פינס 25,center,"7,100 ₪",3,1,65," נווה צדק, תל אביב יפו ",FALSE,TRUE,TRUE,FALSE,34.766783,32.062332
שביל האטד ,center,"3,800 ₪",2,קרקע,38," נווה צדק, תל אביב יפו ",FALSE,TRUE,TRUE,FALSE,34.7671865,32.0600978
אילת 61,center,"8,500 ₪",3,1,85," נווה צדק, תל אביב יפו ",TRUE,TRUE,TRUE,TRUE,34.76674105,32.0597437
שבזי 8,center,"5,800 ₪",2,קרקע,55," נווה צדק, תל אביב יפו ",FALSE,TRUE,FALSE,TRUE,34.763312,32.061038
שדרות רוטשילד ,center,"8,000 ₪",3,1,90," לב תל אביב, לב העיר צפון, תל אביב יפו ",TRUE,TRUE,TRUE,TRUE,34.771809,32.0630491
מולכו 7,center,"7,200 ₪",3.5,1,80," נווה צדק, תל אביב יפו ",FALSE,TRUE,TRUE,FALSE,34.76708,32.062578
נווה צדק ,center,"11,500 ₪",5,2,104,  תל אביב יפו ,TRUE,TRUE,FALSE,FALSE,34.76412884,32.063251
נווה צדק ,center,"24,500 ₪",4,3,130,  תל אביב יפו ,FALSE,TRUE,TRUE,FALSE,34.76412884,32.063251
יבנה ,center,"10,500 ₪",3,4,75," לב תל אביב, לב העיר צפון, תל אביב יפו ",TRUE,TRUE,TRUE,TRUE,34.7730697,32.0655874
דרך מנחם בגין 19,center,"3,300 ₪",1,3,25," לב תל אביב, לב העיר צפון, תל אביב יפו ",TRUE,TRUE,TRUE,TRUE,,
יצחק אלחנן ,center,"12,000 ₪",2,20,63," נווה צדק, תל אביב יפו ",TRUE,TRUE,TRUE,TRUE,34.7649642,32.0660471
מחנה יוסף 32,center,"4,400 ₪",2,קרקע,37," נווה צדק, תל אביב יפו ",FALSE,TRUE,TRUE,TRUE,34.766738,32.064329
נס ציונה 5,center,"7,500 ₪",2.5,4,55," לב תל אביב, לב העיר צפון, תל אביב יפו ",TRUE,TRUE,TRUE,TRUE,34.767541,32.074984
חברון 12,center,"8,600 ₪",3,4,78," לב תל אביב, לב העיר צפון, תל אביב יפו ",TRUE,TRUE,TRUE,TRUE,34.769589,32.074845
חובבי ציון 6,center,"9,000 ₪",3,2,75," לב תל אביב, לב העיר צפון, תל אביב יפו ",TRUE,TRUE,TRUE,FALSE,34.768863,32.074705
בלפור ,center,"8,500 ₪",4,3,105," לב תל אביב, לב העיר צפון, תל אביב יפו ",FALSE,TRUE,TRUE,TRUE,34.7747483,32.0674461
נחמני ,center,"6,000 ₪",2,1,55," לב תל אביב, לב העיר צפון, תל אביב יפו ",FALSE,TRUE,TRUE,TRUE,34.7726619,32.0666001
אלנבי 95,center,"7,200 ₪",3,4,90," לב תל אביב, לב העיר צפון, תל אביב יפו ",FALSE,TRUE,TRUE,TRUE,34.772536,32.064971
נווה צדק 30,center,"9,000 ₪",3,קרקע,70," נווה צדק, תל אביב יפו ",FALSE,TRUE,TRUE,TRUE,34.7663,32.06104
נווה צדק ,center,"16,000 ₪",4,3,130," נווה צדק, תל אביב יפו ",TRUE,TRUE,FALSE,FALSE,34.76412884,32.063251
כינרת 5,center,"7,700 ₪",2,1,70," נווה צדק, תל אביב יפו ",FALSE,TRUE,TRUE,FALSE,34.766288,32.064135
ברנט 22,center,"6,000 ₪",4,קרקע,10," נווה צדק, תל אביב יפו ",FALSE,TRUE,TRUE,TRUE,34.76313,32.060053
מקווה ישראל ,center,"2,650 ₪",1,1,27," לב תל אביב, לב העיר צפון, תל אביב יפו ",TRUE,TRUE,TRUE,TRUE,34.776897,32.062731
המגיד 6,center,"10,500 ₪",4,4,120," לב תל אביב, לב העיר צפון, תל אביב יפו ",TRUE,TRUE,TRUE,FALSE,34.778517,32.06682
בלפור 50,center,"6,900 ₪",2.5,1,60," לב תל אביב, לב העיר צפון, תל אביב יפו ",FALSE,TRUE,TRUE,FALSE,34.778449,32.066256
שדרות רוטשילד 84,center,"10,000 ₪",2,קרקע,52," לב תל אביב, לב העיר צפון, תל אביב יפו ",FALSE,TRUE,TRUE,TRUE,34.777619,32.066077
שדרות רוטשילד 62,center,"14,000 ₪",3.5,2,120," לב תל אביב, לב העיר צפון, תל אביב יפו ",TRUE,TRUE,TRUE,TRUE,34.776149,32.064487
הס 7,center,"9,000 ₪",4,קרקע,100," לב תל אביב, לב העיר צפון, תל אביב יפו ",FALSE,TRUE,TRUE,FALSE,34.769676,32.072552
קלישר 23,center,"11,000 ₪",3,קרקע,140," לב תל אביב, לב העיר צפון, תל אביב יפו ",FALSE,TRUE,TRUE,TRUE,34.769711,32.065464
בר אילן 8,center,"19,500 ₪",5,קרקע,260," לב תל אביב, לב העיר צפון, תל אביב יפו ",TRUE,TRUE,TRUE,TRUE,34.77708,32.069878
שביל האטד 4,center,"4,900 ₪",3,1,53," נווה צדק, תל אביב יפו ",FALSE,TRUE,TRUE,FALSE,34.767286,32.060148
נווה צדק 23,center,"4,500 ₪",1,1,25," נווה צדק, תל אביב יפו ",FALSE,TRUE,TRUE,TRUE,34.765805,32.062064
שיינקין ,center,"10,900 ₪",4,3,95," לב תל אביב, לב העיר צפון, תל אביב יפו ",TRUE,TRUE,TRUE,TRUE,34.7783434,32.0681198
נס ציונה 5,center,"10,000 ₪",3,2,80," לב תל אביב, לב העיר צפון, תל אביב יפו ",TRUE,TRUE,TRUE,TRUE,34.767541,32.074984
יצחק אלחנן 15,center,"70,000 ₪",5.5,7,330," נווה צדק, תל אביב יפו ",TRUE,TRUE,TRUE,TRUE,34.767154,32.064873
גרוזנברג ,center,"9,500 ₪",2,3,63," נווה צדק, תל אביב יפו ",TRUE,TRUE,TRUE,TRUE,34.7697657,32.0661466
שיינקין ,center,"20,000 ₪",5,6,150," לב תל אביב, לב העיר צפון, תל אביב יפו ",TRUE,TRUE,TRUE,TRUE,34.7783434,32.0681198
רציף הרברט סמואל 46,center,"10,000 ₪",3,4,100," כרם התימנים, תל אביב יפו ",TRUE,TRUE,TRUE,TRUE,,
גדרה 6,center,"1,000 ₪",1,קרקע,6," כרם התימנים, תל אביב יפו ",FALSE,FALSE,FALSE,FALSE,34.76889,32.069227
רציף הרברט סמואל 36,center,לא צוין מחיר,5.5,3,320," כרם התימנים, תל אביב יפו ",TRUE,TRUE,TRUE,TRUE,,
גדרה 13,center,700 ₪,לא צוין,קרקע,10," כרם התימנים, תל אביב יפו ",FALSE,FALSE,FALSE,FALSE,34.769342,32.069667
ישכון 17,center,"3,000 ₪",1,קרקע,25," כרם התימנים, תל אביב יפו ",TRUE,TRUE,FALSE,TRUE,34.76702,32.069326
גאולה 5,center,לא צוין מחיר,2,קרקע,40," כרם התימנים, תל אביב יפו ",FALSE,TRUE,TRUE,TRUE,34.765206,32.072445
גאולה 39,center,"3,490 ₪",1,קרקע,18," כרם התימנים, תל אביב יפו ",FALSE,TRUE,TRUE,TRUE,34.768378,32.071543
גאולה ,center,לא צוין מחיר,2,6,60," כרם התימנים, תל אביב יפו ",TRUE,TRUE,TRUE,TRUE,34.7673702,32.0717145
גדרה 6,center,"2,000 ₪",1,קרקע,12," כרם התימנים, תל אביב יפו ",FALSE,TRUE,FALSE,FALSE,34.76889,32.069227
אלשיך ,center,"3,550 ₪",1,1,26," כרם התימנים, תל אביב יפו ",FALSE,TRUE,TRUE,TRUE,34.7688274,32.0704936
הכובשים ,center,"5,300 ₪",2.5,1,50," כרם התימנים, תל אביב יפו ",FALSE,TRUE,TRUE,FALSE,34.7652124,32.0681803
הכובשים 33,center,"5,000 ₪",2,1,50," כרם התימנים, תל אביב יפו ",FALSE,TRUE,TRUE,FALSE,34.766803,32.070278
הירקון 23,center,"7,400 ₪",3,2,75," כרם התימנים, תל אביב יפו ",FALSE,TRUE,FALSE,TRUE,34.764905,32.070723
יונה הנביא ,center,"2,900 ₪",1,-1,35," כרם התימנים, תל אביב יפו ",TRUE,TRUE,TRUE,FALSE,34.7676286,32.0723136
כרמלית ,center,"12,000 ₪",4,3,110," כרם התימנים, תל אביב יפו ",TRUE,TRUE,TRUE,TRUE,34.7630167,32.0680732
הכובשים ,center,"5,000 ₪",2,3,40," כרם התימנים, תל אביב יפו ",TRUE,FALSE,FALSE,FALSE,34.7652124,32.0681803
אלישיב 24,center,"6,000 ₪",3,קרקע,70," כרם התימנים, תל אביב יפו ",FALSE,TRUE,TRUE,TRUE,34.767766,32.069628
גאולה 31,center,"8,000 ₪",3,1,66," כרם התימנים, תל אביב יפו ",TRUE,TRUE,TRUE,FALSE,34.767771,32.07174
בית יוסף 23,center,"5,200 ₪",2.5,קרקע,70," כרם התימנים, תל אביב יפו ",FALSE,TRUE,FALSE,FALSE,34.76934,32.07048
גאולה ,center,"7,500 ₪",3,3,80," כרם התימנים, תל אביב יפו ",FALSE,TRUE,TRUE,FALSE,34.7673702,32.0717145
"תרמ""ב 25",center,"3,650 ₪",1,1,24," כרם התימנים, תל אביב יפו ",FALSE,TRUE,TRUE,TRUE,34.767222,32.068362
אלשיך ,center,"2,850 ₪",1,קרקע,20," כרם התימנים, תל אביב יפו ",FALSE,TRUE,TRUE,TRUE,34.7688274,32.0704936
גאולה 39,center,"7,200 ₪",3,1,65," כרם התימנים, תל אביב יפו ",FALSE,TRUE,TRUE,FALSE,34.768378,32.071543
אלנבי 20,center,"5,500 ₪",2,4,42," כרם התימנים, תל אביב יפו ",TRUE,TRUE,FALSE,TRUE,34.766931,32.073024
הכובשים ,center,"8,250 ₪",4,4,100," כרם התימנים, תל אביב יפו ",TRUE,TRUE,TRUE,FALSE,34.7652124,32.0681803
יונה הנביא ,center,"7,500 ₪",4,קרקע,100," כרם התימנים, תל אביב יפו ",FALSE,TRUE,FALSE,FALSE,34.7676286,32.0723136
"מל""ן 3",center,"3,650 ₪",1,קרקע,30," כרם התימנים, תל אביב יפו ",FALSE,TRUE,TRUE,FALSE,34.766784,32.069875
דניאל ,center,"11,500 ₪",4,5,90," כרם התימנים, תל אביב יפו ",TRUE,TRUE,TRUE,FALSE,34.7642259,32.0685664
עזרא הסופר 11,center,"14,000 ₪",4,4,115," כרם התימנים, תל אביב יפו ",TRUE,TRUE,TRUE,FALSE,34.765378,32.069922
יחיא קאפח 3,center,"4,700 ₪",2,קרקע,47," כרם התימנים, תל אביב יפו ",FALSE,TRUE,TRUE,TRUE,34.767135,32.068107
הכובשים 60,center,"10,000 ₪",4,1,120," כרם התימנים, תל אביב יפו ",FALSE,TRUE,FALSE,FALSE,34.764891,32.068024
יונה הנביא ,center,"7,900 ₪",4,2,85," כרם התימנים, תל אביב יפו ",TRUE,TRUE,TRUE,FALSE,34.7676286,32.0723136
אלנבי 38,center,"9,500 ₪",4,1,100," כרם התימנים, תל אביב יפו ",FALSE,TRUE,TRUE,TRUE,34.76864,32.072555
יונה הנביא ,center,"2,500 ₪",1,4,22," כרם התימנים, תל אביב יפו ",FALSE,FALSE,FALSE,FALSE,34.7676286,32.0723136
רבי מאיר 36,center,"4,700 ₪",1,קרקע,35," כרם התימנים, תל אביב יפו ",FALSE,TRUE,TRUE,TRUE,34.7686,32.069128
אלישיב 26,center,"3,200 ₪",1,קרקע,20," כרם התימנים, תל אביב יפו ",FALSE,TRUE,FALSE,FALSE,34.767895,32.069463
בית יוסף ,center,"13,000 ₪",4,1,100," כרם התימנים, תל אביב יפו ",TRUE,TRUE,TRUE,TRUE,34.7694941,32.0705052
גאולה 21,center,800 ₪,לא צוין,קרקע,5," כרם התימנים, תל אביב יפו ",FALSE,FALSE,FALSE,FALSE,34.766708,32.072037
יונה הנביא ,center,"3,550 ₪",1.5,2,27," כרם התימנים, תל אביב יפו ",FALSE,TRUE,FALSE,TRUE,34.7676286,32.0723136
הכובשים 45,center,"6,000 ₪",3,2,60," כרם התימנים, תל אביב יפו ",FALSE,TRUE,TRUE,TRUE,34.766213,32.069472
דיזנגוף 167,center,"2,950 ₪",1,קרקע,25," הצפון הישן - דרום, תל אביב יפו ",FALSE,TRUE,TRUE,FALSE,34.774005,32.084062
שלמה המלך 60,center,"9,800 ₪",4,1,130," הצפון הישן - דרום, תל אביב יפו ",TRUE,TRUE,FALSE,FALSE,34.777776,32.081486
אסתר המלכה 15,center,"6,200 ₪",2,קרקע,40," הצפון הישן - דרום, תל אביב יפו ",TRUE,TRUE,FALSE,FALSE,34.775675,32.079142
רופין 11,center,"5,250 ₪",2,קרקע,44," הצפון הישן - דרום, תל אביב יפו ",FALSE,TRUE,TRUE,FALSE,34.770016,32.08172
פרישמן 74,center,לא צוין מחיר,2,קרקע,40," הצפון הישן - דרום, תל אביב יפו ",FALSE,FALSE,FALSE,FALSE,34.777298,32.079464
ישראליס 3,center,"4,400 ₪",1.5,קרקע,33," הצפון הישן - דרום, תל אביב יפו ",FALSE,TRUE,TRUE,FALSE,,
"שדרות ח""ן 19",center,"14,000 ₪",3.5,קרקע,110," הצפון הישן - דרום, תל אביב יפו ",FALSE,TRUE,TRUE,TRUE,34.779763,32.075582
מאפו 27,center,"2,000 ₪",1,קרקע,12," הצפון הישן - דרום, תל אביב יפו ",FALSE,TRUE,TRUE,TRUE,34.772099,32.080691
מאפו 17,center,"10,000 ₪",4,1,110," הצפון הישן - דרום, תל אביב יפו ",FALSE,TRUE,TRUE,TRUE,34.771273,32.080703
האלקושי 1,center,"4,850 ₪",1.5,1,35," הצפון הישן - דרום, תל אביב יפו ",FALSE,TRUE,TRUE,FALSE,34.780917,32.075086
שדרות בן גוריון 92,center,"8,900 ₪",3.5,2,85," הצפון הישן - דרום, תל אביב יפו ",TRUE,TRUE,FALSE,FALSE,34.779393,32.081439
פרישמן 37,center,"7,700 ₪",3,2,81," הצפון הישן - דרום, תל אביב יפו ",FALSE,TRUE,TRUE,TRUE,34.773254,32.079858
שטנד 6,center,"3,500 ₪",1,קרקע,20," הצפון הישן - דרום, תל אביב יפו ",FALSE,TRUE,TRUE,FALSE,34.777528,32.077973
"שדרות תרס""ט 7",center,"12,000 ₪",3,2,85," הצפון הישן - דרום, תל אביב יפו ",TRUE,TRUE,TRUE,FALSE,34.77857,32.07317
גוטליב 3,center,"8,700 ₪",3,1,76," הצפון הישן - דרום, תל אביב יפו ",TRUE,TRUE,TRUE,FALSE,34.774978,32.082289
שלמה המלך 49,center,לא צוין מחיר,3,2,85," הצפון הישן - דרום, תל אביב יפו ",FALSE,TRUE,FALSE,FALSE,34.777057,32.080246
חובבי ציון 57,center,לא צוין מחיר,1,קרקע,38," הצפון הישן - דרום, תל אביב יפו ",FALSE,FALSE,FALSE,FALSE,34.771339,32.078307
שלום עליכם 58,center,"8,900 ₪",3,4,70," הצפון הישן - דרום, תל אביב יפו ",TRUE,TRUE,FALSE,FALSE,34.771117,32.078724
שלמה המלך 5,center,"13,500 ₪",4,2,100," הצפון הישן - דרום, תל אביב יפו ",FALSE,TRUE,TRUE,TRUE,34.776468,32.076566
קהילת ורשה ,north,"6,000 ₪",2.5,קרקע,90," הדר יוסף, תל אביב יפו ",FALSE,TRUE,FALSE,FALSE,34.8209633,32.1121047
הרטגלס ,north,"15,000 ₪",1,קרקע,לא צוין ," רמת אביב, תל אביב יפו ",FALSE,FALSE,TRUE,TRUE,34.7960388,32.1043559
"הגוש הגדול, רמת אביב החדשה, נופי ים ",north,"11,500 ₪",5,8,140,  תל אביב יפו ,TRUE,TRUE,TRUE,TRUE,,
שדרות לוי אשכול ,north,"13,700 ₪",5,קרקע,200," הגוש הגדול, רמת אביב החדשה, נופי ים, תל אביב יפו ",TRUE,TRUE,TRUE,FALSE,34.7898765,32.1146265
אליהו בית צורי 11,north,"8,200 ₪",4.5,2,106," רמת אביב ג', תל אביב יפו ",TRUE,TRUE,TRUE,FALSE,34.799992,32.12285
"ד""ר יוסף פומרוק 3",north,"9,000 ₪",5,2,135," גני צהלה, רמות צהלה, תל אביב יפו ",FALSE,TRUE,TRUE,FALSE,34.826767,32.119242
"הגוש הגדול, רמת אביב החדשה, נופי ים ",north,"13,500 ₪",5,9,140,  תל אביב יפו ,TRUE,TRUE,FALSE,FALSE,,
פנחס רוזן 21,north,"3,400 ₪",1,קרקע,28," הדר יוסף, תל אביב יפו ",FALSE,TRUE,TRUE,FALSE,34.8253746,32.1125319
"גני צהלה, רמות צהלה ",north,"10,500 ₪",6,קרקע,225,  תל אביב יפו ,FALSE,TRUE,TRUE,FALSE,34.83187479,32.12485005
מויאל 10,north,"9,500 ₪",4,קרקע,180," גני צהלה, רמות צהלה, תל אביב יפו ",FALSE,TRUE,TRUE,FALSE,34.827585,32.121471
רדינג 18,north,"7,500 ₪",4,2,86," רמת אביב, תל אביב יפו ",TRUE,TRUE,TRUE,FALSE,34.794623,32.105746
קהילת ורשה 1,north,"3,000 ₪",1.5,1,22," הדר יוסף, תל אביב יפו ",FALSE,TRUE,TRUE,FALSE,34.818211,32.110342
קהילת לודז' 46,north,"3,000 ₪",2,2,43," הדר יוסף, תל אביב יפו ",FALSE,TRUE,FALSE,FALSE,34.818252,32.107005
וייסבורג 40,north,"4,800 ₪",2,קרקע,80," גני צהלה, רמות צהלה, תל אביב יפו ",FALSE,TRUE,TRUE,TRUE,34.828957,32.122097
קהילת לודז' 38,north,"3,600 ₪",1.5,2,27," הדר יוסף, תל אביב יפו ",FALSE,TRUE,TRUE,FALSE,34.817264,32.106744
קהילת לודז' ,north,"8,000 ₪",4,קרקע,40," הדר יוסף, תל אביב יפו ",FALSE,TRUE,TRUE,FALSE,34.816609,32.1087283
מינץ 4,north,"5,800 ₪",4,1,80," הדר יוסף, תל אביב יפו ",FALSE,TRUE,FALSE,FALSE,34.824223,32.10956
אליהו בית צורי 26,north,"6,500 ₪",4,5,80," רמת אביב ג', תל אביב יפו ",TRUE,TRUE,FALSE,FALSE,34.800985,32.123626
ליאון בלום 16,north,"12,500 ₪",3.5,1,275," רמת אביב, תל אביב יפו ",FALSE,TRUE,TRUE,TRUE,,
אמיל בריג 4,north,"7,950 ₪",3,4,85," הדר יוסף, תל אביב יפו ",TRUE,TRUE,TRUE,TRUE,,
וייסבורג 40,north,"4,500 ₪",2,קרקע,80," גני צהלה, רמות צהלה, תל אביב יפו ",FALSE,TRUE,FALSE,TRUE,34.828957,32.122097
שלום אש ,north,"7,900 ₪",5,4,128," הדר יוסף, תל אביב יפו ",FALSE,TRUE,FALSE,FALSE,34.8216491,32.1068704
פרופ' יובל נאמן ,north,"12,000 ₪",4,3,135," הגוש הגדול, רמת אביב החדשה, נופי ים, תל אביב יפו ",TRUE,TRUE,TRUE,FALSE,,
אברהם בויאר 4,north,"8,500 ₪",3,10,100," רמת אביב ג', תל אביב יפו ",TRUE,TRUE,TRUE,TRUE,34.796891,32.124782
שמוליק סגל 13,north,"4,500 ₪",2,1,65," גני צהלה, רמות צהלה, תל אביב יפו ",FALSE,TRUE,TRUE,TRUE,34.826376,32.123822
פטאי 12,north,"13,500 ₪",5,2,150," רמת אביב, תל אביב יפו ",FALSE,TRUE,TRUE,FALSE,34.799947,32.107803
קהילת ורשה 107,north,"3,600 ₪",1.5,קרקע,35," הדר יוסף, תל אביב יפו ",FALSE,TRUE,FALSE,TRUE,34.81992,32.108356
ענתות 35,north,"7,700 ₪",4,2,100," גני צהלה, רמות צהלה, תל אביב יפו ",TRUE,TRUE,TRUE,FALSE,34.83063,32.125348
ברודצקי 25,north,"5,200 ₪",3.5,2,70," רמת אביב, תל אביב יפו ",FALSE,TRUE,FALSE,TRUE,34.798294,32.108969
יהודה לייב הלוי ברסקי 1,north,"4,350 ₪",2,קרקע,70," גני צהלה, רמות צהלה, תל אביב יפו ",FALSE,TRUE,TRUE,TRUE,34.826876,32.122465
ברזיל 12,north,לא צוין מחיר,5,3,130," רמת אביב, תל אביב יפו ",TRUE,TRUE,FALSE,FALSE,34.794429,32.110804
אברהם בויאר 5,north,לא צוין מחיר,5,3,125," רמת אביב ג', תל אביב יפו ",TRUE,TRUE,TRUE,FALSE,34.79631,32.124366
הדר יוסף ,north,"11,000 ₪",6,7,140,  תל אביב יפו ,TRUE,FALSE,FALSE,FALSE,34.8236424,32.1082546
הרטגלס 11,north,"6,000 ₪",2.5,1,70," רמת אביב, תל אביב יפו ",FALSE,TRUE,TRUE,TRUE,34.796732,32.104559
שמואל ברקאי 13,north,"6,500 ₪",3,קרקע,60," רמת אביב ג', תל אביב יפו ",FALSE,TRUE,TRUE,FALSE,34.8078911,32.1231473
קהילת לודז' 37,north,"5,000 ₪",2.5,קרקע,73," הדר יוסף, תל אביב יפו ",FALSE,TRUE,FALSE,FALSE,34.816433,32.108076
פטאי ,north,"23,500 ₪",6,קרקע,200," רמת אביב, תל אביב יפו ",FALSE,TRUE,TRUE,TRUE,34.7998776,32.1081046
בני אפרים ,north,"6,200 ₪",3.5,4,100," הדר יוסף, תל אביב יפו ",FALSE,TRUE,FALSE,FALSE,34.8157234,32.1093001
מבצע קדש 36,north,"7,800 ₪",4,2,115," הדר יוסף, תל אביב יפו ",FALSE,TRUE,FALSE,TRUE,34.817563,32.113387
דולצ'ין 16,north,"8,500 ₪",5,5,115," הגוש הגדול, רמת אביב החדשה, נופי ים, תל אביב יפו ",TRUE,TRUE,TRUE,FALSE,34.792533,32.120351
ברודצקי 33,north,"4,000 ₪",2,קרקע,38," רמת אביב, תל אביב יפו ",FALSE,TRUE,FALSE,FALSE,34.798059,32.110155
"גני צהלה, רמות צהלה ",north,"25,000 ₪",8,קרקע,410,  תל אביב יפו ,FALSE,TRUE,TRUE,TRUE,34.83187479,32.12485005
ארתור רובינשטיין 5,north,"9,500 ₪",4,5,110," הגוש הגדול, רמת אביב החדשה, נופי ים, תל אביב יפו ",TRUE,TRUE,FALSE,TRUE,34.7873,32.114619
פיכמן ,north,"17,000 ₪",5,קרקע,לא צוין ," רמת אביב, תל אביב יפו ",TRUE,TRUE,TRUE,FALSE,34.79331,32.109187
אבא אחימאיר 6,north,"6,500 ₪",3,1,78," רמת אביב ג', תל אביב יפו ",FALSE,TRUE,FALSE,FALSE,34.799113,32.124728
זריצקי 4,north,"8,650 ₪",5,5,110," הגוש הגדול, רמת אביב החדשה, נופי ים, תל אביב יפו ",TRUE,TRUE,TRUE,TRUE,34.791087,32.114427
"הגוש הגדול, רמת אביב החדשה, נופי ים ",north,"8,500 ₪",4,5,130,  תל אביב יפו ,TRUE,TRUE,FALSE,FALSE,,
"הגוש הגדול, רמת אביב החדשה, נופי ים ",north,"9,200 ₪",5,1,120,  תל אביב יפו ,TRUE,TRUE,TRUE,TRUE,,
קהילת לודז' 20,north,לא צוין מחיר,2.5,קרקע,380," הדר יוסף, תל אביב יפו ",FALSE,TRUE,TRUE,FALSE,34.816484,32.108841
שדרות לוי אשכול ,north,"7,700 ₪",4,2,120," הגוש הגדול, רמת אביב החדשה, נופי ים, תל אביב יפו ",TRUE,TRUE,FALSE,FALSE,34.7898765,32.1146265
ארתור רובינשטיין 5,north,600 ₪,לא צוין,קרקע,8," הגוש הגדול, רמת אביב החדשה, נופי ים, תל אביב יפו ",FALSE,FALSE,FALSE,FALSE,34.7873,32.114619
קהילת בריסק 3,north,"3,100 ₪",1.5,2,23," הדר יוסף, תל אביב יפו ",FALSE,TRUE,FALSE,FALSE,34.819612,32.109481
"הגוש הגדול, רמת אביב החדשה, נופי ים ",north,"9,000 ₪",5,8,120,  תל אביב יפו ,TRUE,TRUE,TRUE,TRUE,,
פיכמן ,north,"13,000 ₪",4,6,190," רמת אביב, תל אביב יפו ",TRUE,TRUE,TRUE,FALSE,34.79331,32.109187
משה פרלוק 20,north,"9,000 ₪",4,1,110," הגוש הגדול, רמת אביב החדשה, נופי ים, תל אביב יפו ",TRUE,TRUE,TRUE,TRUE,34.7917224,32.1154907
פיכמן 15,north,"8,900 ₪",5,3,110," רמת אביב, תל אביב יפו ",TRUE,TRUE,TRUE,TRUE,34.793093,32.109315
הדר יוסף ,north,"7,200 ₪",4,2,120,  תל אביב יפו ,FALSE,FALSE,FALSE,FALSE,34.8236424,32.1082546
אליעזר קשאני 5,north,"8,750 ₪",4,8,100," רמת אביב ג', תל אביב יפו ",TRUE,TRUE,TRUE,TRUE,34.804864,32.1257
קהילת יאסי ,north,"12,500 ₪",5,קרקע,120," הדר יוסף, תל אביב יפו ",FALSE,TRUE,TRUE,TRUE,34.8252515,32.1101677
דב גרונר 24,north,"20,000 ₪",8,קרקע,430," רמת אביב ג', תל אביב יפו ",FALSE,TRUE,TRUE,FALSE,34.807597,32.125947
פיכמן ,north,"8,500 ₪",5,1,120," רמת אביב, תל אביב יפו ",TRUE,TRUE,TRUE,FALSE,34.79331,32.109187
מינץ 16,north,"7,000 ₪",4,2,73," הדר יוסף, תל אביב יפו ",FALSE,TRUE,TRUE,TRUE,34.823778,32.108571
פטאי 13,north,"6,200 ₪",3,2,70," רמת אביב, תל אביב יפו ",FALSE,TRUE,FALSE,FALSE,34.7998776,32.1081046
"הגוש הגדול, רמת אביב החדשה, נופי ים ",north,"9,100 ₪",5,6,136,  תל אביב יפו ,TRUE,TRUE,FALSE,FALSE,,
שדרות לוי אשכול ,north,"8,500 ₪",5,4,115," הגוש הגדול, רמת אביב החדשה, נופי ים, תל אביב יפו ",TRUE,TRUE,FALSE,FALSE,34.7898765,32.1146265
רדינג ,north,"12,500 ₪",4,2,40," רמת אביב, תל אביב יפו ",FALSE,TRUE,TRUE,FALSE,34.7946156,32.1048616
קהילת לודז' 46,north,"3,100 ₪",2,1,42," הדר יוסף, תל אביב יפו ",FALSE,TRUE,FALSE,FALSE,34.818252,32.107005
דולצ'ין 14,north,600 ₪,לא צוין,קרקע,5," הגוש הגדול, רמת אביב החדשה, נופי ים, תל אביב יפו ",FALSE,FALSE,FALSE,FALSE,34.792505,32.12
משה פרלוק ,north,"13,000 ₪",5,7,200," הגוש הגדול, רמת אביב החדשה, נופי ים, תל אביב יפו ",TRUE,TRUE,TRUE,TRUE,34.7917224,32.1154907
אליעזר קשאני 3,north,לא צוין מחיר,4,10,150," רמת אביב ג', תל אביב יפו ",TRUE,TRUE,TRUE,TRUE,34.804784,32.125273
ארתור רובינשטיין ,north,"7,500 ₪",3,5,85," הגוש הגדול, רמת אביב החדשה, נופי ים, תל אביב יפו ",TRUE,TRUE,TRUE,FALSE,34.7875123,32.1141568
אביגדור סטימצקי 8,north,"7,200 ₪",3.5,4,90," הגוש הגדול, רמת אביב החדשה, נופי ים, תל אביב יפו ",TRUE,TRUE,FALSE,FALSE,34.791219,32.112977
מינץ ,north,"5,900 ₪",4,1,80," הדר יוסף, תל אביב יפו ",FALSE,TRUE,FALSE,FALSE,34.8238857,32.1093277
אביגדור סטימצקי 6,north,"8,200 ₪",4.5,10,113," הגוש הגדול, רמת אביב החדשה, נופי ים, תל אביב יפו ",TRUE,TRUE,TRUE,FALSE,34.790694,32.113044
עיר שמש ,north,"13,000 ₪",7,קרקע,250," גני צהלה, רמות צהלה, תל אביב יפו ",FALSE,TRUE,FALSE,FALSE,34.827793,32.1245377
שלמה בן יוסף ,north,"8,500 ₪",4,2,125," רמת אביב ג', תל אביב יפו ",TRUE,TRUE,TRUE,FALSE,34.7978426,32.1237421
דימיטרי שוסטקוביץ ,north,"21,000 ₪",5.5,קרקע,250," הגוש הגדול, רמת אביב החדשה, נופי ים, תל אביב יפו ",TRUE,TRUE,FALSE,FALSE,,
קיציס ,north,"7,500 ₪",4,5,105," הדר יוסף, תל אביב יפו ",TRUE,TRUE,TRUE,FALSE,34.8193403,32.1068649
רמת אביב ,north,"8,000 ₪",4,6,100,  תל אביב יפו ,TRUE,TRUE,FALSE,FALSE,34.7950946,32.1088611
שלום אש 14,north,"8,200 ₪",5,4,150," הדר יוסף, תל אביב יפו ",TRUE,TRUE,TRUE,FALSE,34.821482,32.106629
"צה""ל 6",north,"3,500 ₪",1,קרקע,36," גני צהלה, רמות צהלה, תל אביב יפו ",FALSE,TRUE,TRUE,TRUE,34.835738,32.1195427
אבא אחימאיר 4,north,"5,900 ₪",3,5,70," רמת אביב ג', תל אביב יפו ",TRUE,TRUE,FALSE,FALSE,34.798787,32.124759
רמת אביב ,north,"13,500 ₪",5,1,190,  תל אביב יפו ,FALSE,TRUE,TRUE,FALSE,34.7950946,32.1088611
משה סנה 26,north,"11,000 ₪",7,קרקע,250," גני צהלה, רמות צהלה, תל אביב יפו ",FALSE,TRUE,TRUE,FALSE,34.825369,32.121526
הדר יוסף ,north,"11,500 ₪",5,1,130,  תל אביב יפו ,FALSE,TRUE,TRUE,TRUE,34.8236424,32.1082546
מאיר פיינשטיין 2,north,"8,500 ₪",4,5,120," רמת אביב ג', תל אביב יפו ",TRUE,TRUE,FALSE,FALSE,34.79918,32.127621
אבא אחימאיר 10,north,"6,100 ₪",3,8,60," רמת אביב ג', תל אביב יפו ",TRUE,TRUE,FALSE,TRUE,34.799921,32.124463
קהילת לודז' 16,north,"3,800 ₪",1,1,35," הדר יוסף, תל אביב יפו ",FALSE,TRUE,TRUE,FALSE,34.816736,32.109121
גרונימן 44,north,"12,600 ₪",5,2,148," רמת אביב, תל אביב יפו ",FALSE,TRUE,TRUE,FALSE,34.800007,32.106777
ברודצקי 29,north,"5,800 ₪",3,2,72," רמת אביב, תל אביב יפו ",FALSE,TRUE,FALSE,TRUE,34.798243,32.109513
"גני צהלה, רמות צהלה ",north,"8,500 ₪",5,1,130,  תל אביב יפו ,TRUE,TRUE,TRUE,FALSE,34.83187479,32.12485005
עיר שמש 32,north,"5,000 ₪",2,2,60," גני צהלה, רמות צהלה, תל אביב יפו ",FALSE,TRUE,FALSE,TRUE,34.826744,32.124165
אשר ברש 5,north,"5,200 ₪",2.5,4,65," רמת אביב, תל אביב יפו ",FALSE,TRUE,FALSE,FALSE,34.794766,32.110156
אליהו חכים 10,north,"12,000 ₪",5,4,132," רמת אביב ג', תל אביב יפו ",TRUE,TRUE,TRUE,TRUE,34.80156,32.12654
אביגדור סטימצקי ,north,"8,000 ₪",4.5,10,115," הגוש הגדול, רמת אביב החדשה, נופי ים, תל אביב יפו ",FALSE,TRUE,TRUE,FALSE,34.7904159,32.1129617
ברודצקי 37,north,"5,200 ₪",2.5,קרקע,50," רמת אביב, תל אביב יפו ",FALSE,TRUE,TRUE,TRUE,34.79794,32.110704
שדרות לוי אשכול 82,north,"7,500 ₪",3,9,115," הגוש הגדול, רמת אביב החדשה, נופי ים, תל אביב יפו ",TRUE,TRUE,TRUE,TRUE,34.790603,32.115106
ענתות ,north,"10,500 ₪",6,קרקע,170," גני צהלה, רמות צהלה, תל אביב יפו ",FALSE,TRUE,TRUE,FALSE,34.8310596,32.125205
דבורה הנביאה 1,north,"7,000 ₪",4,1,120," גני צהלה, רמות צהלה, תל אביב יפו ",FALSE,TRUE,FALSE,FALSE,34.82843,32.119195
דבורה הנביאה 5,north,"7,000 ₪",4,1,120," גני צהלה, רמות צהלה, תל אביב יפו ",FALSE,TRUE,FALSE,FALSE,34.826112,32.118988
אביגדור סטימצקי 2,north,"7,200 ₪",3.5,1,78," הגוש הגדול, רמת אביב החדשה, נופי ים, תל אביב יפו ",TRUE,TRUE,TRUE,FALSE,34.791732,32.113757
ברודצקי 33,north,"4,600 ₪",2,3,48," רמת אביב, תל אביב יפו ",FALSE,TRUE,TRUE,TRUE,34.798059,32.110155
"ד""ר רות רופין פלד 6",north,"15,000 ₪",7,קרקע,220," גני צהלה, רמות צהלה, תל אביב יפו ",FALSE,TRUE,FALSE,FALSE,,
שדרות לוי אשכול 82,north,"8,800 ₪",5,4,125," הגוש הגדול, רמת אביב החדשה, נופי ים, תל אביב יפו ",TRUE,TRUE,TRUE,FALSE,34.790603,32.115106
אליהו בית צורי 2,north,"7,250 ₪",3,8,66," רמת אביב ג', תל אביב יפו ",TRUE,TRUE,FALSE,FALSE,34.8003962,32.122551
הרטגלס ,north,"20,000 ₪",6,1,300," רמת אביב, תל אביב יפו ",FALSE,TRUE,TRUE,FALSE,34.7960388,32.1043559
שלום אש 21,north,"5,500 ₪",3,1,62," הדר יוסף, תל אביב יפו ",TRUE,TRUE,TRUE,FALSE,34.824318,32.107492
הדר יוסף ,north,"5,500 ₪",4,1,80,  תל אביב יפו ,FALSE,TRUE,TRUE,FALSE,34.8236424,32.1082546
אליעזר קשאני 8,north,"10,250 ₪",5,5,140," רמת אביב ג', תל אביב יפו ",TRUE,TRUE,TRUE,FALSE,34.805458,32.125931
פיכמן ,north,"16,000 ₪",5.5,6,175," רמת אביב, תל אביב יפו ",TRUE,TRUE,TRUE,FALSE,34.79331,32.109187
רדינג 45,north,"5,200 ₪",2.5,1,50," רמת אביב, תל אביב יפו ",FALSE,TRUE,FALSE,TRUE,34.794822,32.109603
טאגור ,north,"11,000 ₪",5,9,160," רמת אביב, תל אביב יפו ",TRUE,FALSE,TRUE,FALSE,34.8001975,32.1183374
כפר יונה 1,north,"5,600 ₪",2.5,1,55," רמת אביב, תל אביב יפו ",FALSE,TRUE,TRUE,TRUE,34.798706,32.109286
רדינג ,north,"4,500 ₪",2.5,3,55," רמת אביב, תל אביב יפו ",FALSE,FALSE,FALSE,TRUE,34.7946156,32.1048616
נח 10,north,לא צוין מחיר,3,4,69," רמת אביב, תל אביב יפו ",FALSE,TRUE,TRUE,FALSE,34.796532,32.108365
פיכמן 15,north,"8,500 ₪",5,1,127," רמת אביב, תל אביב יפו ",TRUE,TRUE,TRUE,TRUE,34.793093,32.109315
אבא אחימאיר 6,north,"6,500 ₪",3,2,75," רמת אביב ג', תל אביב יפו ",TRUE,TRUE,TRUE,FALSE,34.799113,32.124728
רדינג 27,north,"9,000 ₪",4.5,קרקע,82," רמת אביב, תל אביב יפו ",FALSE,TRUE,TRUE,FALSE,34.793975,32.106848
קהילת ורשה ,north,"2,800 ₪",1,2,25," הדר יוסף, תל אביב יפו ",FALSE,TRUE,FALSE,FALSE,34.8209633,32.1121047
רמת אביב ,north,"17,900 ₪",4,2,195,  תל אביב יפו ,FALSE,TRUE,TRUE,FALSE,34.7950946,32.1088611
שלום אש 17,north,"5,900 ₪",3,4,65," הדר יוסף, תל אביב יפו ",TRUE,TRUE,FALSE,FALSE,34.823138,32.107219
"הגוש הגדול, רמת אביב החדשה, נופי ים ",north,"7,300 ₪",3,2,80,  תל אבי:ב יפו ,TRUE,TRUE,FALSE,FALSE,,
קהילת לודז' ,north,"8,200 ₪",3,קרקע,80," הדר יוסף, תל אביב יפו ",FALSE,TRUE,TRUE,FALSE,34.816609,32.1087283
שדרות לוי אשכול 74,north,"9,000 ₪",5.5,6,130," הגוש הגדול, רמת אביב החדשה, נופי ים, תל אביב יפו ",TRUE,TRUE,FALSE,FALSE,34.788647,32.1039841
לאה ודוד איזמוז'יק 6,north,"14,500 ₪",8,קרקע,270," גני צהלה, רמות צהלה, תל אביב יפו ",FALSE,TRUE,FALSE,FALSE,34.825328,32.123039
בני אפרים ,north,"7,150 ₪",3.5,2,97," הדר יוסף, תל אביב יפו ",FALSE,TRUE,FALSE,FALSE,34.8157234,32.1093001
שלום אש 12,north,"7,650 ₪",5,1,130," הדר יוסף, תל אביב יפו ",TRUE,TRUE,FALSE,TRUE,34.821062,32.106581
פיכמן 2,north,"7,200 ₪",4,12,80," רמת אביב, תל אביב יפו ",TRUE,TRUE,FALSE,FALSE,34.794207,32.109333
ענתות 32,north,"10,500 ₪",6,קרקע,250," גני צהלה, רמות צהלה, תל אביב יפו ",FALSE,TRUE,FALSE,FALSE,34.829947,32.125113
שלמה בן יוסף 13,north,"9,800 ₪",4,4,100," רמת אביב ג', תל אביב יפו ",TRUE,TRUE,TRUE,TRUE,34.7975095,32.1224966
מרק שאגאל ,north,"8,500 ₪",4,קרקע,130," הגוש הגדול, רמת אביב החדשה, נופי ים, תל אביב יפו ",TRUE,TRUE,FALSE,FALSE,,
דבורה הנביאה 1,north,"5,400 ₪",2,קרקע,75," גני צהלה, רמות צהלה, תל אביב יפו ",TRUE,TRUE,TRUE,TRUE,34.82843,32.119195
פטאי ,north,"13,500 ₪",5,2,150," רמת אביב, תל אביב יפו ",FALSE,TRUE,TRUE,TRUE,34.7998776,32.1081046
רמת אביב ,north,"15,000 ₪",5,8,170,  תל אביב יפו ,TRUE,TRUE,TRUE,FALSE,34.7950946,32.1088611
מתתיהו שוהם 31,north,"3,800 ₪",1,1,45," גני צהלה, רמות צהלה, תל אביב יפו ",FALSE,TRUE,TRUE,TRUE,34.829464,32.122191
קהילת ורשה 53,north,"4,100 ₪",3,קרקע,40," הדר יוסף, תל אביב יפו ",FALSE,TRUE,FALSE,FALSE,34.821755,32.111948
קהילת קישינב ,north,"13,500 ₪",4,קרקע,160," הדר יוסף, תל אביב יפו ",TRUE,TRUE,TRUE,TRUE,34.8255679,32.1082081
אביגדור סטימצקי 2,north,"6,900 ₪",3,2,88," הגוש הגדול, רמת אביב :החדשה, נופי ים, תל אביב יפו ",TRUE,TRUE,TRUE,FALSE,34.791732,32.113757
אליהו בית צורי 2,north,"7,600 ₪",3,7,70," רמת אביב ג', תל אביב יפו ",TRUE,TRUE,FALSE,TRUE,34.8003962,32.122551
פראנקל 2,north,"5,900 ₪",3,3,70," רמת אביב, תל אביב יפו ",FALSE,TRUE,TRUE,FALSE,34.799534,32.111239
קהילת ורשה ,north,"5,500 ₪",3,2,75," הדר יוסף, תל אביב יפו ",TRUE,TRUE,FALSE,FALSE,34.8209633,32.1121047
דולצ'ין 8,north,"6,900 ₪",3,1,85," הגוש הגדול, רמת אביב החדשה, נופי ים, תל אביב יפו ",TRUE,TRUE,FALSE,FALSE,34.792624,32.119
יחזקאל שטרייכמן 13,north,"5,200 ₪",1,קרקע,70," הגוש הגדול, רמת אביב החדשה, נופי ים, תל אביב יפו ",TRUE,TRUE,TRUE,FALSE,34.788175,32.114666
שלום אש ,north,"9,000 ₪",6,7,220," הדר יוסף, תל אביב יפו ",TRUE,TRUE,FALSE,TRUE,34.8216491,32.1068704
ענתות 29,north,"4,500 ₪",2.5,1,80," גני צהלה, רמות צהלה, תל אביב יפו ",FALSE,TRUE,TRUE,TRUE,34.829516,32.12534
